Sr No,Symbol,Security Name,Market Cap (INR)              
1,RELIANCE,RELIANCE INDUSTRIES LTD  ,7778364790002.30
2,TCS,TATA CONSULTANCY SERV LT ,7557678036354.60
3,HDFCBANK,HDFC BANK LTD            ,5654329400952.75
4,HINDUNILVR,HINDUSTAN UNILEVER LTD.  ,3816817248744.75
5,ITC,ITC LTD                  ,3412085936119.30
6,HDFC,HDFC LTD                 ,3299806436114.70
7,INFY,INFOSYS LIMITED          ,3274488041151.90
8,SBIN,STATE BANK OF INDIA      ,2620705129359.10
9,KOTAKBANK,KOTAK MAHINDRA BANK LTD  ,2394948425194.50
10,ICICIBANK,ICICI BANK LTD.          ,2347095589008.55
11,MARUTI,MARUTI SUZUKI INDIA LTD. ,2006158990469.00
12,AXISBANK,AXIS BANK LIMITED        ,1857249483487.20
13,LT,LARSEN & TOUBRO LTD.     ,1842938125832.70
14,ONGC,OIL AND NATURAL GAS CORP.,1812694469175.00
15,WIPRO,WIPRO LTD                ,1670303321871.60
16,BAJFINANCE,BAJAJ FINANCE LIMITED    ,1488181903841.80
17,HCLTECH,HCL TECHNOLOGIES LTD     ,1399866553500.80
18,COALINDIA,COAL INDIA LTD           ,1394494471613.05
19,ASIANPAINT,ASIAN PAINTS LIMITED     ,1354962798154.00
20,IOC,INDIAN OIL CORP LTD      ,1329061188646.80
21,BHARTIARTL,BHARTI AIRTEL LIMITED    ,1224803392784.80
22,NTPC,NTPC LTD                 ,1151891376680.00
23,HINDZINC,HINDUSTAN ZINC LIMITED   ,1099428003800.00
24,SUNPHARMA,SUN PHARMACEUTICAL IND L ,1015995557625.30
25,POWERGRID,POWER GRID CORP. LTD.    ,986677807612.80
26,BAJAJFINSV,BAJAJ FINSERV LTD.       ,969441274600.90
27,ULTRACEMCO,ULTRATECH CEMENT LIMITED ,966539368994.70
28,INDUSINDBK,INDUSIND BANK LIMITED    ,906423960955.35
29,TITAN,TITAN COMPANY LIMITED    ,884057458128.00
30,DMART,AVENUE SUPERMARTS LIMITED,858022555577.10
31,M&M,MAHINDRA & MAHINDRA LTD  ,845433089547.20
32,DABUR,DABUR INDIA LTD          ,783603210376.65
33,BRITANNIA,BRITANNIA INDUSTRIES LTD ,768465808723.80
34,HDFCLIFE,HDFC LIFE INS CO LTD     ,749491186885.20
35,BPCL,BHARAT PETROLEUM CORP  LT,749368360414.80
36,GAIL,GAIL (INDIA) LTD         ,749021810395.95
37,BAJAJ-AUTO,BAJAJ AUTO LIMITED       ,739202520941.00
38,VEDL,VEDANTA LIMITED          ,733588756706.65
39,GODREJCP,GODREJ CONSUMER PRODUCTS ,725022411892.80
40,TECHM,TECH MAHINDRA LIMITED    ,718135852736.90
41,ADANIPORTS,ADANI PORT & SEZ LTD     ,701327813862.65
42,JSWSTEEL,JSW STEEL LIMITED        ,663768732824.00
43,SBILIFE,SBI LIFE INSURANCE CO LTD,595000000000.00
44,BOSCHLTD,BOSCH LIMITED            ,575367834258.00
45,PIDILITIND,PIDILITE INDUSTRIES LTD  ,568776430230.00
46,SHREECEM,SHREE CEMENT LIMITED     ,547456539707.50
47,INFRATEL,BHARTI INFRATEL LTD.     ,540548009893.50
48,TATASTEEL,TATA STEEL LIMITED       ,537055346908.50
49,TATAMOTORS,TATA MOTORS LIMITED      ,523187583352.80
50,HEROMOTOCO,HERO MOTOCORP LIMITED    ,522056366179.05
51,EICHERMOT,EICHER MOTORS LTD        ,518377079812.50
52,BANDHANBNK,BANDHAN BANK LIMITED     ,481833557128.80
53,GRASIM,GRASIM INDUSTRIES LTD    ,474123318648.00
54,MARICO,MARICO LIMITED           ,473424517966.50
55,HINDALCO,HINDALCO  INDUSTRIES  LTD,468189332272.50
56,AUROPHARMA,AUROBINDO PHARMA LTD     ,461578014370.20
57,INDIGO,INTERGLOBE AVIATION LTD  ,456598442176.40
58,DRREDDY,DR. REDDY'S LABORATORIES ,451777567725.60
59,YESBANK,YES BANK LIMITED         ,448750054978.50
60,HAVELLS,HAVELLS INDIA LIMITED    ,446243647639.50
61,MOTHERSUMI,MOTHERSON SUMI SYSTEMS LT,444005553722.20
62,GICRE,GENERAL INS CORP OF INDIA,427020960000.00
63,AMBUJACEM,AMBUJA CEMENTS LTD       ,416786933567.10
64,CIPLA,CIPLA LTD                ,416643055229.80
65,ICICIPRULI,ICICI PRU LIFE INS CO LTD,410418993893.85
66,UPL,UPL LIMITED              ,400598009955.00
67,DIVISLAB,DIVI'S LABORATORIES LTD  ,399848775196.00
68,ICICIGI,ICICI LOMBARD GIC LIMITED,399690226831.00
69,LUPIN,LUPIN LIMITED            ,396049534108.20
70,MCDOWELL-N,UNITED SPIRITS LIMITED   ,392239578357.00
71,BIOCON,BIOCON LIMITED.          ,388980000000.00
72,IDBI,IDBI BANK LIMITED        ,382742201323.00
73,UBL,UNITED BREWERIES LTD     ,377782076891.20
74,PEL,PIRAMAL ENTERPRISES LTD  ,372110640786.50
75,SIEMENS,SIEMENS LTD              ,366839474675.50
76,ZEEL,ZEE ENTERTAINMENT ENT LTD,365169363300.00
77,HINDPETRO,HINDUSTAN PETROLEUM CORP ,355812582937.50
78,COLPAL,COLGATE PALMOLIVE LTD.   ,348168810083.40
79,PETRONET,PETRONET LNG LIMITED     ,341475020033.20
80,CADILAHC,CADILA HEALTHCARE LIMITED,326522700675.25
81,OFSS,ORACLE FIN SERV SOFT LTD.,325901734319.15
82,PGHH,P&G HYGIENE & HEALTH CARE,321645317840.00
83,CONCOR,CONTAINER CORP OF IND LTD,319513955829.00
84,BAJAJHLDNG,BAJAJ HOLDINGS & INVS LTD,316858187645.50
85,BERGEPAINT,BERGER PAINTS (I) LTD    ,309517411031.25
86,GSKCONS,GLAXOSMITHKLINE CONSUMER ,308302840747.30
87,TORNTPHARM,TORRENT PHARMACEUTICALS L,307782283136.00
88,NMDC,NMDC LTD.                ,306580986930.60
89,LTI,L&T INFOTECH LIMITED     ,305186105788.20
90,BANKBARODA,BANK OF BARODA           ,297488289043.40
91,DLF,DLF LIMITED              ,294171271163.70
92,HDFCAMC,HDFC AMC LIMITED         ,289458698616.00
93,NIACL,THE NEW INDIA ASSU CO LTD,288152800000.00
94,PNB,PUNJAB NATIONAL BANK     ,287661152775.00
95,IBULHSGFIN,INDIABULLS HSG FIN LTD   ,283624615837.20
96,PFC,POWER FIN CORP LTD.      ,273380429798.40
97,ABB,ABB INDIA LIMITED        ,269611025512.50
98,ACC,ACC LIMITED              ,267286872689.55
99,IDEA,VODAFONE IDEA LIMITED    ,262935140934.20
100,L&TFH,L&T FINANCE HOLDINGS LTD ,262549272997.00
101,PAGEIND,PAGE INDUSTRIES LTD      ,260666035380.00
102,MRF,MRF LTD                  ,259936261555.60
103,NHPC,NHPC LTD                 ,256483012975.00
104,M&MFIN,M&M FIN. SERVICES LTD    ,249885926320.00
105,RECLTD,REC LIMITED              ,246272274600.00
106,RBLBANK,RBL BANK LIMITED         ,241923550767.15
107,KANSAINER,KANSAI NEROLAC PAINTS LTD,240546817022.00
108,GLAXO,GLAXOSMITHKLINE PHARMA LT,238735453414.50
109,ASHOKLEY,ASHOK LEYLAND LTD        ,238658367538.80
110,HAL,HINDUSTAN AERONAUTICS LTD,237716073750.00
111,TVSMOTOR,TVS MOTOR COMPANY  LTD   ,237543557000.00
112,BHEL,BHEL                     ,237539580000.00
113,ADANITRANS,ADANI TRANSMISSION LTD   ,234699471712.20
114,SRTRANSFIN,SHRIRAM TRANSPORT FIN CO.,230365385997.60
115,BHARATFORG,BHARAT FORGE LTD         ,229535195576.00
116,3MINDIA,3M INDIA LIMITED         ,227009184612.00
117,LICHSGFIN,LIC HOUSING FINANCE LTD  ,226517987550.00
118,ALKEM,ALKEM LABORATORIES LTD.  ,225164808000.00
119,CUMMINSIND,CUMMINS INDIA LTD        ,218489040000.00
120,IDFCFIRSTB,IDFC FIRST BANK LIMITED  ,216124776500.80
121,FRETAIL,FUTURE RETAIL LIMITED    ,215966549238.30
122,NAUKRI,INFO EDGE (I) LTD        ,213379670428.65
123,GILLETTE,GILLETTE INDIA LTD       ,211805539760.85
124,SUNTV,SUN TV NETWORK LIMITED   ,208904257062.00
125,BEL,BHARAT ELECTRONICS LTD   ,203820999681.95
126,MUTHOOTFIN,MUTHOOT FINANCE LIMITED  ,199885769025.95
127,IGL,INDRAPRASTHA GAS LTD     ,198485226840.00
128,SAIL,STEEL AUTHORITY OF INDIA ,194134688583.00
129,MPHASIS,MPHASIS LIMITED          ,193929663336.20
130,EXIDEIND,EXIDE INDUSTRIES LTD     ,192865000000.00
131,TATAPOWER,TATA POWER CO LTD        ,192850351263.00
132,WHIRLPOOL,WHIRLPOOL OF INDIA LTD   ,191538401751.00
133,OIL,OIL INDIA LTD            ,190266640679.15
134,HONAUT,HONEYWELL AUTOMATION IND ,189132555102.20
135,EMAMILTD,EMAMI LIMITED            ,186521989294.20
136,APOLLOHOSP,APOLLO HOSPITALS ENTER. L,184431267028.35
137,GLENMARK,GLENMARK PHARMACEUTICALS ,183874878857.40
138,CANBK,CANARA BANK              ,183421180466.25
139,CHOLAFIN,CHOLAMANDALAM IN & FIN CO,183292537494.40
140,RAJESHEXPO,RAJESH EXPORTS LTD       ,179252321108.90
141,BANKINDIA,BANK OF INDIA            ,179178176333.20
142,VOLTAS,VOLTAS LTD               ,179041732814.00
143,ABCAPITAL,ADITYA BIRLA CAPITAL LTD.,178313050809.00
144,IBVENTURES,INDIABULLS VENTURES LTD  ,177621010322.50
145,ADANIPOWER,ADANI POWER LTD          ,175490721815.50
146,TATACHEM,TATA CHEMICALS LTD       ,171782158255.40
147,AUBANK,AU SMALL FINANCE BANK LTD,170734880303.25
148,FEDERALBNK,FEDERAL BANK LTD         ,170472796122.90
149,GODREJPROP,GODREJ PROPERTIES LTD    ,170133941350.80
150,GODREJIND,GODREJ INDUSTRIES LTD    ,169300513512.90
151,INDHOTEL,THE INDIAN HOTELS CO. LTD,168631648596.90
152,JUBLFOOD,JUBILANT FOODWORKS LTD   ,166076438388.00
153,LTTS,L&T TECHNOLOGY SER. LTD. ,164818501154.25
154,ABFRL,ADITYA BIRLA FASHION & RT,161679151014.50
155,OBEROIRLTY,OBEROI REALTY LIMITED    ,161675734682.05
156,ENDURANCE,ENDURANCE TECHNO. LTD.   ,161473916361.60
157,CASTROLIND,CASTROL INDIA LIMITED    ,156924266221.60
158,BALKRISIND,BALKRISHNA IND. LTD      ,156702914214.00
159,SUNDARMFIN,SUNDARAM FINANCE LTD     ,156006485019.00
160,GRUH,GRUH FINANCE LTD.        ,152842997689.20
161,AIAENG,AIA ENGINEERING LIMITED  ,151591698664.00
162,PNBHOUSING,PNB HOUSING FIN LTD.     ,151128487831.70
163,ADANIENT,ADANI ENTERPRISES LIMITED,150838952883.45
164,VBL,VARUN BEVERAGES LIMITED  ,149894240158.00
165,SANOFI,SANOFI INDIA LIMITED     ,148884910512.30
166,MINDTREE,MINDTREE LIMITED         ,146815563356.05
167,BATAINDIA,BATA INDIA LTD           ,143770906244.00
168,EDELWEISS,EDELWEISS FIN SERV LTD   ,143572903755.45
169,RAMCOCEM,THE RAMCO CEMENTS LIMITED,141510971746.00
170,TATACOMM,TATA COMMUNICATIONS LTD  ,141345750000.00
171,CUB,CITY UNION BANK LTD      ,139790598450.00
172,PFIZER,PFIZER LTD               ,138942724243.80
173,IIFL,IIFL HOLDINGS LIMITED    ,137141268241.60
174,ASTRAL,ASTRAL POLY TECH LTD     ,135525186328.00
175,CROMPTON,CROMPT GREA CON ELEC LTD ,134106144986.00
176,BHARATFIN,BHARAT FIN INCLUSION LTD ,132617544226.80
177,AARTIIND,AARTI INDUSTRIES LTD     ,132165345000.00
178,COROMANDEL,COROMANDEL INTERNTL. LTD ,131542351978.65
179,JINDALSTEL,JINDAL STEEL & POWER LTD ,130769555802.90
180,THERMAX,THERMAX LTD              ,130541684465.00
181,TATAGLOBAL,TATA GLOBAL BEVERAGES LTD,128624238770.20
182,NATCOPHARM,NATCO PHARMA LTD.        ,127852951326.00
183,AMARAJABAT,AMARA RAJA BATTERIES LTD.,127246771875.00
184,SUPREMEIND,SUPREME INDUSTRIES LTD   ,126328222215.00
185,MRPL,MRPL                     ,118913827019.45
186,CRISIL,CRISIL LTD               ,118893683994.30
187,TORNTPOWER,TORRENT POWER LTD        ,118856530683.20
188,WABCOINDIA,WABCO INDIA LIMITED      ,118137700185.60
189,PIIND,PI INDUSTRIES LTD        ,117671129977.50
190,TRENT,TRENT LTD                ,117656738256.50
191,APOLLOTYRE,APOLLO TYRES LTD         ,116898413413.00
192,SYNGENE,SYNGENE INTERNATIONAL LTD,115640000000.00
193,SRF,SRF LTD                  ,115613403675.00
194,EIHOTEL,EIH LIMITED              ,115371286215.90
195,NATIONALUM,NATIONAL ALUMINIUM CO LTD,115202561486.40
196,SHRIRAMCIT,SHRIRAM CITYUNI FIN.LTD. ,113064023547.90
197,JUBILANT,JUBILANT LIFE SCIENCE LTD,112046317229.55
198,APLLTD,ALEMBIC PHARMA LTD       ,111912472346.10
199,SUNDRMFAST,SUNDRAM FASTENERS LTD    ,110926766523.00
200,GRAPHITE,GRAPHITE INDIA LTD       ,110494667186.70
201,JSWENERGY,JSW ENERGY LIMITED       ,109691993177.20
202,INDIANB,INDIAN BANK              ,108257738135.40
203,MFSL,MAX FINANCIAL SERV LTD   ,106869725686.55
204,NBCC,NBCC (INDIA) LIMITED     ,105660000000.00
205,ATUL,ATUL LTD                 ,102813498924.60
206,FORTIS,FORTIS HEALTHCARE LTD    ,102015423369.60
207,HEXAWARE,HEXAWARE TECHNOLOGIES LTD,101875874831.40
208,ADANIGAS,ADANI GAS LIMITED        ,101677442173.35
209,HATSUN,HATSUN AGRO PRODUCT LTD. ,101032147432.65
210,GSPL,GUJARAT STATE PETRO LTD  ,99284285144.10
211,STRTECH,STERLITE TECHNOLOGIES LTD,99175700702.70
212,SKFINDIA,SKF INDIA LTD            ,98571455858.15
213,NLCINDIA,NLC INDIA LIMITED        ,98363378277.45
214,IPCALAB,IPCA LABORATORIES LTD    ,97221630270.05
215,UNIONBANK,UNION BANK OF INDIA      ,96699447277.75
216,HEG,HEG LTD                  ,95624224763.10
217,GODREJAGRO,GODREJ AGROVET LIMITED   ,95438283283.00
218,SJVN,SJVN LTD                 ,95101043235.00
219,GUJFLUORO,GUJARAT FLUOROCHEMICALS L,94806042500.00
220,CENTRALBK,CENTRAL BANK OF INDIA    ,92445176847.50
221,MOTILALOFS,MOTILAL OSWAL FIN LTD    ,92411030034.40
222,PHOENIXLTD,THE PHOENIX MILLS LTD    ,92389964142.90
223,KIOCL,KIOCL LIMITED            ,92099678070.00
224,ITI,ITI LTD                  ,91987350000.00
225,CESC,CESC LTD                 ,91981332137.70
226,GMRINFRA,GMR INFRASTRUCTURE LTD.  ,91746368180.00
227,QUESS,QUESS CORP LIMITED       ,91704753915.75
228,SOLARINDS,SOLAR INDUSTRIES (I) LTD ,91236597953.75
229,MGL,MAHANAGAR GAS LTD.       ,90870616871.10
230,LALPATHLAB,DR. LAL PATH LABS LTD.   ,89896427626.50
231,AJANTPHARM,AJANTA PHARMA LIMITED    ,89840674950.00
232,MAHINDCIE,MAHINDRA CIE AUTO LTD    ,89202909486.00
233,TTKPRESTIG,TTK PRESTIGE LTD         ,88696806283.40
234,CENTURYTEX,CENTURY TEXTILES LTD     ,88641691648.00
235,RELAXO,RELAXO FOOT LTD.         ,88415461143.00
236,GUJGASLTD,GUJARAT GAS LIMITED      ,87804160443.75
237,SCHAEFFLER,SCHAEFFLER INDIA LIMITED ,87525653680.50
238,VARROC,VARROC ENGINEERING LTD.  ,87364612016.50
239,ERIS,ERIS LIFESCIENCES LIMITED,86278556042.80
240,IOB,INDIAN OVERSEAS BANK     ,85813796905.20
241,KAJARIACER,KAJARIA CERAMICS LTD     ,85523208915.00
242,BBTC,BOMBAY BURMAH TRADING COR,84092582475.00
243,VGUARD,V-GUARD IND LTD.         ,83917849535.10
244,HUDCO,HSG & URBAN DEV CORPN LTD,83879610000.00
245,RNAM,RELIANCE NIPPON L A M LTD,83415600000.00
246,TIFIN,TI FINANCIAL HOLDING LTD ,83389537589.40
247,FLFL,FUT LIFESTYLE FASH LTD   ,83001465261.00
248,THOMASCOOK,THOMAS COOK (INDIA) LTD  ,82511015785.80
249,AKZOINDIA,AKZO NOBEL INDIA LIMITED ,82115153592.90
250,SYMPHONY,SYMPHONY LIMITED         ,81237566250.00
251,VINATIORGA,VINATI ORGANICS LTD      ,81133580718.75
252,ESCORTS,ESCORTS INDIA LTD        ,80851708728.80
253,NIITTECH,NIIT TECHNOLOGIES LTD    ,80762351470.50
254,FCONSUMER,FUTURE CONSUMER LIMITED  ,79609184229.00
255,KRBL,KRBL LIMITED             ,78573145949.60
256,ASTERDM,ASTER DM HEALTHCARE LTD. ,78310238475.00
257,MANAPPURAM,MANAPPURAM FINANCE LTD   ,77707068815.40
258,BLUEDART,BLUE DART EXPRESS LTD    ,75664822335.90
259,UCOBANK,UCO BANK                 ,75345425534.40
260,GET&D,GE T&D INDIA LIMITED     ,75175262676.00
261,PVR,PVR LIMITED              ,75031792245.80
262,PRESTIGE,PRESTIGE ESTATE LTD      ,74962500000.00
263,RPOWER,RELIANCE POWER LTD.      ,74335851349.00
264,MINDAIND,MINDA INDUSTRIES LTD.    ,73381417655.25
265,CHAMBLFERT,CHAMBAL FERTILIZERS LTD  ,73273392344.60
266,ENGINERSIN,ENGINEERS INDIA LTD      ,71153225892.00
267,RELINFRA,RELIANCE INFRASTRUCTU LTD,70731160500.00
268,KARURVYSYA,KARUR VYSYA BANK LTD     ,70284440571.90
269,CYIENT,CYIENT LIMITED           ,68897308289.00
270,VIPIND,VIP INDUSTRIES LTD       ,67818179468.50
271,JYOTHYLAB,JYOTHY LABS LTD          ,67548030063.80
272,AAVAS,AAVAS FINANCIERS LIMITED ,66692431268.85
273,ISEC,ICICI SECURITIES LIMITED ,66473877890.00
274,CORPBANK,CORPORATION BANK         ,66406421435.60
275,CARBORUNIV,CARBORUNDUM UNIVERSAL LTD,66064367819.55
276,ALBK,ALLAHABAD BANK           ,65196270856.50
277,JMFINANCIL,JM FINANCIAL LIMITED     ,64960453694.50
278,TIINDIA,TUBE INVEST OF INDIA LTD ,64770560765.40
279,FINPIPE,FINOLEX INDUSTRIES LTD   ,63741592450.65
280,FINCABLES,FINOLEX CABLES LTD       ,63500416044.00
281,AEGISCHEM,AEGIS LOGISTICS LIMITED  ,63426600000.00
282,IDFC,IDFC LIMITED             ,63215789313.60
283,SFL,SHEELA FOAM LIMITED      ,63012753093.60
284,KEC,KEC INTL. LIMITED        ,62973796231.50
285,DELTACORP,DELTA CORP LIMITED       ,62559627147.40
286,ASAHIINDIA,ASAHI INDIA GLASS LIMITED,62012241398.10
287,VTL,VARDHMAN TEXTILES LIMITED,61884673288.20
288,ORIENTBANK,ORIENTAL BANK OF COMMERCE,60555852142.50
289,WELSPUNIND,WELSPUN INDIA LTD        ,60484454030.00
290,SUNCLAYLTD,SUNDARAM CLAYTON LIMITED ,60087269241.50
291,GRINDWELL,GRINDWELL NORTON LIMITED ,60010240000.00
292,SYNDIBANK,SYNDICATE BANK           ,59075839863.00
293,LAXMIMACH,LAKSHMI MACHINES LTD     ,58896241728.80
294,BASF,BASF INDIA LTD           ,58552485228.00
295,VIJAYABANK,VIJAYA BANK              ,57382510460.00
296,BLUESTARCO,BLUE STAR LIMITED        ,57345288915.20
297,SIS,SECURITY INTELL SERVICES ,56623042991.55
298,CREDITACC,CREDITACCESS GRAMEEN LTD ,56583400296.80
299,KALPATPOWR,KALPATARU POWER TRANS. LT,56435124617.50
300,COFFEEDAY,COFFEE DAY ENTERPRISE LTD,56330270871.35
301,TV18BRDCST,TV18 BROADCAST LIMITED   ,55888141248.60
302,ADANIGREEN,ADANI GREEN ENERGY LTD   ,55678908368.00
303,LEMONTREE,LEMON TREE HOTELS LTD    ,55378027833.60
304,DCBBANK,DCB BANK LIMITED         ,55097134239.70
305,MERCK,MERCK LIMITED            ,54861787479.10
306,JKCEMENT,JK CEMENT LIMITED        ,54767736308.80
307,RADICO,RADICO KHAITAN LTD       ,54609321107.25
308,DCMSHRIRAM,DCM SHRIRAM LIMITED      ,54506855577.20
309,TATAELXSI,TATA ELXSI LIMITED       ,54429608560.00
310,BAJAJCON,BAJAJ CONSUMER CARE LTD  ,52229750000.00
311,GEPIL,GE POWER INDIA LIMITED   ,51889523491.35
312,GNFC,GUJ NAR VAL FER & CHEM L ,51047299276.35
313,IRB,IRB INFRA DEV LTD.       ,50872387500.00
314,ZENSARTECH,ZENSAR TECHNOLOGIES  LTD ,50565992242.00
315,SUNTECK,SUNTECK REALTY LIMITED   ,50347120647.95
316,ZYDUSWELL,ZYDUS WELLNESS LIMITED   ,49762212550.40
317,VSTIND,VST INDUSTRIES LTD       ,49634963456.00
318,COCHINSHIP,COCHIN SHIPYARD LIMITED  ,49473907200.00
319,HSCL,HIMADRI SPECIALITY CHEM L,49142003979.15
320,JCHAC,JOHNSON CONTROLS HITACHI ,49025163852.00
321,RELCAPITAL,RELIANCE CAPITAL LTD     ,49012891542.90
322,WOCKPHARMA,WOCKHARDT LIMITED        ,48862424314.35
323,RITES,RITES LIMITED            ,48750000000.00
324,AVANTIFEED,AVANTI FEEDS LIMITED     ,48598816221.00
325,GODFRYPHLP,GODFREY PHILLIPS INDIA LT,48317949856.00
326,PERSISTENT,PERSISTENT SYSTEMS LTD   ,48168000000.00
327,IEX,INDIAN ENERGY EXC LTD    ,48131526288.00
328,NCC,NCC LIMITED              ,47781436075.40
329,BDL,BHARAT DYNAMICS LIMITED  ,47295726562.50
330,TATAINVEST,TATA INVESTMENT CORP LTD ,47062401843.20
331,BAJAJELEC,BAJAJ ELECT.LTD          ,46906656123.20
332,RAYMOND,RAYMOND LTD              ,46302647214.90
333,VMART,VMART RETAIL LTD         ,46163641519.95
334,GESHIP,THE GE SHPG.LTD          ,45647756428.75
335,VAKRANGEE,VAKRANGEE LIMITED        ,45475592715.50
336,TEAMLEASE,TEAMLEASE SERVICES LTD.  ,45300453980.85
337,GULFOILLUB,GULF OIL LUB. IND. LTD.  ,45102560466.15
338,SHOPERSTOP,SHOPPERS STOP LIMITED    ,45099237596.40
339,MONSANTO,MONSANTO INDIA LIMITED   ,44862429502.40
340,SOBHA,SOBHA LIMITED            ,44767242616.00
341,TCNSBRANDS,TCNS CLOTHING CO. LIMITED,44520023930.20
342,CEATLTD,CEAT LIMITED             ,43930822416.60
343,DBL,DILIP BUILDCON LIMITED   ,43916772504.80
344,ANDHRABANK,ANDHRA BANK              ,43905098419.75
345,DISHTV,DISH TV INDIA LTD.       ,43545655988.45
346,HINDCOPPER,HINDUSTAN COPPER LTD     ,42883854300.00
347,DHFL,DEWAN HOUSING FIN CORP LT,42645228516.90
348,TIMKEN,TIMKEN INDIA LTD.        ,42513628456.80
349,MOIL,MOIL LIMITED             ,41590954967.60
350,ECLERX,ECLERX SERVICES LTD      ,41570560479.75
351,STAR,STRIDES PHARMA SCI LTD   ,41313391012.55
352,RATNAMANI,RATNAMANI MET & TUB LTD. ,41188395600.00
353,GPPL,GUJARAT PIPAVAV PORT LTD ,41068220354.50
354,EQUITAS,EQUITAS HOLDINGS LIMITED ,40936135247.05
355,LINDEINDIA,LINDE INDIA LIMITED      ,40629403837.20
356,RAIN,RAIN INDUSTRIES LIMITED  ,40327846912.10
357,SPARC,SUN PHARMA ADV.RES.CO.LTD,40199282833.50
358,MMTC,MMTC LIMITED             ,40125000000.00
359,ASTRAZEN,ASTRAZENECA PHARMA IND LT,40042500000.00
360,KSCL,KAVERI SEED CO. LTD.     ,39701544293.10
361,GALAXYSURF,GALAXY SURFACTANTS LTD   ,39684503913.60
362,LAURUSLABS,LAURUS LABS LIMITED      ,39413528154.70
363,OMAXE,OMAXE LIMITED            ,38820639615.00
364,STARCEMENT,STAR CEMENT LIMITED      ,38778682222.50
365,NH,NARAYANA HRUDAYALAYA LTD.,38716154317.80
366,GSFC,GUJ STATE FERT & CHEM LTD,38692168163.00
367,NETWORK18,NETWORK18 MEDIA & INV LTD,38265968369.45
368,ELGIEQUIP,ELGI EQUIPMENTS LTD      ,38044927370.80
369,KPRMILL,KPR MILL LTD.            ,38032734933.60
370,MAHABANK,BANK OF MAHARASHTRA      ,37807511621.85
371,BIRLACORPN,BIRLA CORPORATION LTD    ,37432299176.70
372,GUJALKALI,GUJARAT ALKALIES & CHEM  ,37200015073.00
373,MAHSCOOTER,MAHARASHTRA SCOOTERS LTD ,36865131797.60
374,IRCON,IRCON INTERNATIONAL LTD  ,36656600966.50
375,PNCINFRA,PNC INFRATECH LTD.       ,36351599680.50
376,CENTURYPLY,CENTURY PLYBOARDS (I) LTD,36092002225.50
377,CHENNPETRO,CHENNAI PETROLEUM CORP LT,36058895510.00
378,PRSMJOHNSN,PRISM JOHNSON LIMITED    ,35964827641.00
379,EIDPARRY,EID PARRY INDIA LTD      ,35823784154.40
380,EXCELCROP,EXCEL CROP CARE LTD      ,35703364283.00
381,CCL,CCL PRODUCTS (I) LTD     ,35658133956.00
382,TRITURBINE,TRIVENI TURBINE LIMITED  ,35109036760.00
383,JKLAKSHMI,JK LAKSHMI CEMENT LTD    ,35071563171.30
384,VENKEYS,VENKY'S (INDIA) LIMITED  ,34911233597.00
385,RCF,RASHTRIYA CHEMICALS & FER,34894272325.00
386,MAHLOG,MAHINDRA LOGISTIC LIMITED,34466719695.20
387,UNITEDBNK,UNITED BANK OF INDIA     ,34466434053.75
388,ESSELPACK,ESSEL PROPACK LTD        ,34286612347.50
389,FINEORG,FINE ORGANIC IND. LTD.   ,34262523180.00
390,UJJIVAN,UJJIVAN FIN. SERVC. LTD. ,34098020352.00
391,TRIDENT,TRIDENT LIMITED          ,34015504097.25
392,KTKBANK,KARNATAKA BANK LIMITED   ,33924656760.00
393,FSL,FIRSTSOURCE SOLU. LTD.   ,33876984834.00
394,IBREALEST,INDIABULLS REAL EST. LTD ,33812375513.60
395,SONATSOFTW,SONATA SOFTWARE LTD      ,33761395191.30
396,SADBHAV,SADBHAV ENGINEERING LTD  ,33670769500.00
397,ASHOKA,ASHOKA BUILDCON LTD      ,33602569074.90
398,HEIDELBERG,HEIDELBERGCEMENT (I) LTD ,33550071823.80
399,DCAL,DISHMAN CARBO AMCIS LTD  ,33481241726.40
400,CANFINHOME,CAN FIN HOMES LTD        ,33381739137.50
401,IFBIND,IFB INDUSTRIES LTD       ,33087648813.60
402,BEML,BEML LIMITED             ,33071979675.00
403,RCOM,RELIANCE COMMUNICATIONS L,32495013337.50
404,DBCORP,D.B.CORP LTD             ,32445846285.00
405,JUSTDIAL,JUSTDIAL LTD.            ,32154262472.90
406,MINDACORP,MINDA CORPORATION LTD    ,31958814385.25
407,GAYAPROJ,GAYATRI PROJECTS LTD     ,31908015858.25
408,CERA,CERA SANITARYWARE LTD    ,31604273820.00
409,RALLIS,RALLIS INDIA LTD         ,31183086511.50
410,NESCO,NESCO LTD.               ,31153871314.00
411,NAVINFLUOR,NAVIN FLUORINE INT. LTD  ,31086258735.00
412,SHILPAMED,SHILPA MEDICARE LTD      ,30988374690.00
413,MAHSEAMLES,MAHARASHTRA SEAMLESS LTD ,30957177193.30
414,BSE,BSE LIMITED              ,30527027228.90
415,LUXIND,LUX INDUSTRIES LIMITED   ,30508149300.00
416,JAGRAN,JAGRAN PRAKASHAN LIMITED ,30485956612.65
417,JISLJALEQS,JAIN IRRIGATION SYSTEMS  ,30278329233.00
418,PHILIPCARB,PHILIPS CARBON BLACK LTD ,30176359286.00
419,ICRA,ICRA LIMITED             ,30173313504.00
420,JSWHL,JSW HOLDINGS LIMITED     ,30141586668.75
421,SADBHIN,SADBHAV INFRA PROJ LTD.  ,30132867228.80
422,GREAVESCOT,GREAVES COTTON LTD.      ,29951963406.75
423,DEEPAKNTR,DEEPAK NITRITE LTD       ,29917813543.35
424,THYROCARE,THYROCARE TECH LTD       ,29486161087.05
425,REDINGTON,REDINGTON (INDIA) LTD.   ,29372675079.00
426,CARERATING,CARE RATINGS LIMITED     ,29182805527.70
427,INDOSTAR,INDOSTAR CAPITAL FIN LTD ,29174694364.50
428,KNRCON,KNR CONSTRU LTD.         ,28932009475.00
429,MASFIN,MAS FINANCIAL SERV LTD   ,28883423521.20
430,PCJEWELLER,PC JEWELLER LTD          ,28809303051.00
431,ORIENTELEC,ORIENT ELECTRIC LIMITED  ,28772354071.20
432,FDC,FDC LIMITED              ,28724187934.80
433,BRIGADE,BRIGADE ENTER. LTD       ,28654000947.45
434,SHARDACROP,SHARDA CROPCHEM LTD.     ,28496143345.75
435,KEI,KEI INDUSTRIES LTD.      ,28460512942.80
436,HFCL,HIMACHAL FUT COM LTD     ,28428800023.20
437,DENABANK,DENA BANK                ,28238079125.00
438,FMGOETZE,FEDERAL-MOGUL GOETZE (IND,28138731354.00
439,JINDALSAW,JINDAL SAW LIMITED       ,28042436060.90
440,SUPRAJIT,SUPRAJIT ENGINEERING LTD ,27771679514.15
441,WELCORP,WELSPUN CORP LIMITED     ,27596776641.45
442,HATHWAY,HATHWAY CABLE & DATACOM  ,27561424000.00
443,MHRIL,MAHINDRA HOLIDAYS LTD    ,27485368747.20
444,COX&KINGS,COX & KINGS LIMITED      ,27473496884.00
445,CAPLIPOINT,CAPLIN POINT LAB LTD.    ,27455411025.00
446,TECHNOE,TECHNO ELEC & ENG CO. LTD,27145190160.00
447,GMDCLTD,GUJARAT MINERAL DEV CORP ,27093600000.00
448,JETAIRWAYS,JET AIRWAYS (INDIA) LTD. ,27041857023.15
449,RUPA,RUPA & COMPANY LTD       ,26986659436.00
450,IBULISL,INDIABULLS INTEGR SER LTD,26748541637.05
451,INOXLEISUR,INOX LEISURE LIMITED     ,26696730050.70
452,JBCHEPHARM,J B CHEMICALS AND PHARMA ,26508396070.00
453,MAGMA,MAGMA FINCORP LIMITED    ,26378105041.20
454,APLAPOLLO,APL APOLLO TUBES LTD     ,26347202491.50
455,ENIL,ENTERTAIN NET. IND. LTD. ,26197276563.25
456,INDIACEM,THE INDIA CEMENTS LIMITED,26089040434.25
457,ALLCARGO,ALLCARGO LOGISTICS LTD   ,25933162558.20
458,DIXON,DIXON TECHNO (INDIA) LTD ,25691535188.05
459,INFIBEAM,INFIBEAM AVENUES LIMITED ,25573770852.00
460,FSC,FUTURE SUPP CHAIN SOL LTD,25359604277.80
461,ORIENTREF,ORIENT REFRACTORIES LTD  ,25091071920.00
462,REPCOHOME,REPCO HOME FINANCE LTD   ,25062081617.20
463,SUZLON,SUZLON ENERGY LIMITED    ,25002938368.70
464,KIRLOSENG,KIRLOSKAR OIL ENG LTD    ,24967583101.65
465,NAVNETEDUL,NAVNEET EDUCATION LTD    ,24815537500.00
466,RESPONIND,RESPONSIVE INDUSTRIES LTD,24729461655.00
467,VRLLOG,VRL LOGISTICS LIMITED    ,24708945882.50
468,SUVEN,SUVEN LIFE SCIENCES LTD  ,24641887740.80
469,GARFIBRES,GARWARE TECH FIBRES LTD  ,24624976221.00
470,GHCL,GHCL LIMITED             ,24536479985.80
471,MIDHANI,MISHRA DHATU NIGAM LTD   ,24419769000.00
472,SHK,S H KELKAR AND CO. LTD.  ,24419222248.85
473,KSB,KSB LIMITED              ,24388115898.60
474,ITDC,INDIA TOUR. DEV. CO. LTD.,24307047960.00
475,DIAMONDYD,PRATAAP SNACKS LIMITED   ,24268029001.00
476,JKPAPER,JK PAPER LIMITED         ,24107444871.25
477,NOCIL,NOCIL LIMITED            ,24051841811.00
478,PRAJIND,PRAJ INDUSTRIES LTD      ,23933627650.40
479,GAEL,GUJARAT AMBUJA EXPORTS LT,23919674919.00
480,SOUTHBANK,THE SOUTH INDIAN BANK LTD,23797320285.65
481,APARINDS,APAR INDUSTRIES LTD.     ,23791600432.30
482,SWANENERGY,SWAN ENERGY LIMITED      ,23753993250.00
483,INTELLECT,INTELLECT DESIGN ARENA   ,23752709978.40
484,LAOPALA,LA OPALA RG LIMITED      ,23609700000.00
485,CGPOWER,CG POWER AND IND SOL LTD ,23565654939.20
486,TCIEXP,TCI EXPRESS LIMITED      ,23559118843.75
487,VESUVIUS,VESUVIUS INDIA LTD       ,23374995336.00
488,AMBER,AMBER ENTERPRISES (I) LTD,23344338969.00
489,BALRAMCHIN,BALRAMPUR CHINI MILLS LTD,23277865521.30
490,GRANULES,GRANULES INDIA LIMITED   ,23225514788.70
491,BOMDYEING,BOMBAY DYEING & MFG. CO L,23193869270.00
492,PTC,PTC INDIA LIMITED        ,23133050286.15
493,CGCL,CAPRI GLOBAL CAPITAL LTD ,23082767299.00
494,IFCI,IFCI LTD                 ,23065506051.20
495,MAXINDIA,MAX INDIA LIMITED        ,22976867217.60
496,HERITGFOOD,HERITAGE FOODS LTD       ,22964690100.00
497,J&KBANK,J & K BANK LTD.          ,22831194072.00
498,ARVIND,ARVIND LIMITED           ,22797094632.35
499,CDSL,CENTRAL DEPO SER (I) LTD ,22781000000.00
500,KPIT,KPIT TECHNOLOGIES LTD    ,22574106210.60
501,SHRIPISTON,SHRIRAM PIST. & RING LTD ,22367080780.80
502,JAMNAAUTO,JAMNA AUTO IND LTD       ,22313977560.00
503,SUDARSCHEM,SUDARSHAN CHEMICAL INDS L,22218485887.50
504,SCHNEIDER,SCHNEIDER ELECTRIC INFRA ,22021481623.50
505,TIMETECHNO,TIME TECHNOPLAST LTD.    ,21857083387.50
506,VAIBHAVGBL,VAIBHAV GLOBAL LIMITED   ,21703241067.60
507,BALMLAWRIE,BALMER LAWRIE & CO LTD   ,21455283297.60
508,TCI,TRANSPORT CORPN OF INDIA ,21292863556.25
509,TVTODAY,TV TODAY NETWORK LTD     ,20988780257.00
510,TASTYBITE,TASTY BITE EATABLES LTD  ,20949465500.00
511,GABRIEL,GABRIEL INDIA LTD        ,20778095921.00
512,TAKE,TAKE SOLUTIONS LTD       ,20681173200.00
513,DHANUKA,DHANUKA AGRITECH LTD     ,20659520487.80
514,JKTYRE,JK TYRE & INDUSTRIES LTD ,20594663984.00
515,GREENLAM,GREENLAM INDUSTRIES LTD. ,20410924673.10
516,SEQUENT,SEQUENT SCIENTIFIC LTD.  ,20376345902.00
517,NILKAMAL,NILKAMAL LIMITED         ,20291649495.00
518,KOLTEPATIL,KOLTE PATIL DEV. LTD.    ,20071997157.75
519,ITDCEM,ITD CEMENTATION INDIA LTD,20021842915.20
520,MAHLIFE,MAHINDRA LIFESPACE DEVLTD,19906568157.60
521,HIMATSEIDE,HIMATSINGKA SEIDE LTD    ,19819426308.00
522,RENUKA,SHREE RENUKA SUGARS LTD  ,19647397743.00
523,BOROSIL,BOROSIL GLASS WORKS LTD  ,19542600000.00
524,JTEKTINDIA,JTEKT INDIA LIMITED      ,19446888261.20
525,NEWGEN,NEWGEN SOFTWARE TECH LTD ,19361763784.65
526,WHEELS,WHEELS INDIA LTD         ,19322636846.10
527,VINDHYATEL,VINDHYA TELELINKS LTD    ,19098850810.80
528,POLYMED,POLY MEDICURE LIMITED    ,19030538016.00
529,NBVENTURES,NAVA BHARAT VENTURES LIMI,19000431284.80
530,SCI,SHIPPING CORP OF INDIA LT,18981309657.50
531,IPAPPM,INTERNATIONALPAPERAPPMLTD,18970308603.00
532,HIKAL,HIKAL LIMITED            ,18889674900.00
533,AHLUCONT,AHLUWALIA CONT IND LTD   ,18756516800.00
534,HCC,HINDUSTAN CONSTRUCTION CO,18686041036.00
535,SUPPETRO,SUPREME PETROCHEMICALS LT,18605577502.40
536,ADVENZYMES,ADVANCED ENZYME TECH LTD ,18589529362.50
537,BANARISUG,BANNARI AMMAN SUGARS LTD ,18506089260.00
538,INGERRAND,INGERSOLL-RAND INDIA LTD ,18505161600.00
539,JSLHISAR,JINDAL STAINLESS (H) LTD ,18402905430.00
540,BHARATRAS,BHARAT RASAYAN LTD       ,18241115442.00
541,UFLEX,UFLEX LIMITED            ,18208126194.90
542,NRBBEARING,NRB BEARING LIMITED      ,18202064280.00
543,WSTCSTPAPR,WEST COAST PAPER MILLS LT,18031351884.00
544,JAICORPLTD,JAI CORP LIMITED         ,18005545469.00
545,TVSSRICHAK,TVS SRICHAKRA LIMITED    ,17914051327.50
546,HSIL,HSIL LIMITED             ,17904202221.75
547,TIDEWATER,TIDE WATER OIL LTD       ,17710799040.00
548,HCG,HEALTHCARE GLOB. ENT. LTD,17531533695.65
549,PARAGMILK,PARAG MILK FOODS LTD.    ,17474804410.50
550,SWARAJENG,SWARAJ ENGINES LTD       ,17438305846.50
551,RAMCOIND,RAMCO INDUSTRIES LIMITED ,17319612541.00
552,OLECTRA,OLECTRA GREENTECH LIMITED,17303008304.05
553,NFL,NATIONAL FERT. LTD       ,17268359680.00
554,LAKSHVILAS,LAKSHMI VILAS BANK LTD   ,17243172924.50
555,RHFL,RELIANCE HOME FINANCE LTD,17177498962.35
556,AUTOAXLES,AUTOMOTIVE AXLES LIMITED ,17004749868.75
557,INDOCO,INDOCO REMEDIES LTD.     ,16992525462.00
558,PURVA,PURAVANKARA LIMITED      ,16991775001.90
559,MAYURUNIQ,MAYUR UNIQUOTERS LTD     ,16900395660.00
560,TATACOFFEE,TATA COFFEE LIMITED      ,16837348855.50
561,SANDHAR,SANDHAR TECHNOLOGIES LTD ,16751074036.40
562,MUTHOOTCAP,MUTHOOT CAP SERV LTD     ,16635857252.85
563,PFOCUS,PRIME FOCUS LIMITED      ,16633609862.00
564,RADIOCITY,MUSIC BROADCAST LIMITED  ,16631468078.50
565,AIONJSW,MONNET ISPAT & ENERGY LTD,16504595820.10
566,FEL,FUTURE ENTERPRISES LTD   ,16465375965.00
567,DOLLAR,DOLLAR INDUSTRIES LIMITED,16430659964.00
568,IGARASHI,IGARASHI MOTORS INDIA LTD,16400075323.55
569,WABAG,VA TECH WABAG LTD        ,16322357901.00
570,BLISSGVS,BLISS GVS PHARMA LTD     ,16111510166.40
571,GMMPFAUDLR,GMM PFAUDLER LIMITED     ,16009086000.00
572,INDIANHUME,INDIAN HUME PIPE CO. LTD.,15980299024.50
573,WONDERLA,WONDERLA HOLIDAYS LTD.   ,15935495700.00
574,PSB,PUNJAB & SIND BANK       ,15902280794.60
575,RKFORGE,RAMKRISHNA FORGINGS LTD  ,15874207335.00
576,GREENPLY,GREENPLY INDUSTRIES LTD  ,15831196694.50
577,SIYSIL,SIYARAM SILK MILLS LTD   ,15816308496.00
578,JPASSOCIAT,JAIPRAKASH ASSOCIATES LTD,15810970337.50
579,JMCPROJECT,JMC PROJECTS (I) LTD.    ,15640366585.50
580,EVEREADY,EVEREADY INDS. IND.  LTD.,15562342366.00
581,POLYPLEX,POLYPLEX CORPORATION LTD ,15525324840.00
582,TATAMETALI,TATA METALIKS LTD        ,15478784800.00
583,PILANIINVS,PILANI INV & IND COR LTD ,15416526375.00
584,ALKYLAMINE,ALKYL AMINES CHEM. LTD   ,15329928227.20
585,TNPL,TAMILNADU NEWSPRT & PAPER,15212489880.00
586,INOXWIND,INOX WIND LIMITED        ,15090439368.00
587,EXCELINDUS,EXCEL INDUSTRIES LTD     ,14951817636.50
588,DALBHARAT,ODISHA CEMENT LIMITED    ,14873043688.45
589,SREINFRA,SREI INFRASTRUCTURE FINAN,14841046823.50
590,KKCL,KEWAL KIRAN CLOTHING LTD ,14817159481.40
591,ORIENTCEM,ORIENT CEMENT LTD.       ,14781281034.00
592,TINPLATE,THE TINPLATE CO. (I) LTD ,14679636229.50
593,TEJASNET,TEJAS NETWORKS LIMITED   ,14668562722.80
594,WELENT,WELSPUN ENTERPRISES LTD. ,14549160252.00
595,RANEHOLDIN,RANE HOLDINGS LIMITED    ,14493403915.90
596,SHALBY,SHALBY LIMITED           ,14478709668.50
597,SOTL,SAVITA OIL TECHNOLO. LTD ,14415176539.50
598,CAPACITE,CAPACITE INFRAPROJECT LTD,14406575663.40
599,SOMANYCERA,SOMANY CERAMICS LIMITED  ,14372982327.90
600,SUBROS,SUBROS LIMITED           ,14361270840.00
601,SANGHIIND,SANGHI INDUSTRIES LTD    ,14307000000.00
602,UNICHEMLAB,UNICHEM LABORATORIES LTD ,14291318912.50
603,HINDOILEXP,HINDUSTAN OIL EXPLORATION,14281546420.00
604,JINDWORLD,JINDAL WORLDWIDE LTD     ,14236948400.00
605,HIL,HIL LIMITED              ,14214603624.65
606,LUMAXIND,LUMAX INDUSTRIES LTD     ,14212291732.80
607,PRAKASH,PRAKASH INDUSTRIES LTD   ,14031492697.00
608,DEN,DEN NETWORKS LTD         ,13997972917.50
609,MEGH,MEGHMANI ORGANICS LTD.   ,13910987341.70
610,NIITLTD,NIIT LIMITED             ,13889005733.05
611,AARTIDRUGS,AARTI DRUGS LTD.         ,13888677795.00
612,SPENCERS,SPENCER'S RETAIL LIMITED ,13854862169.20
613,VSTTILLERS,VST TILLERS TRACTORS LTD ,13796462263.20
614,ACCELYA,ACCELYA KALE SOLUTION LTD,13767983146.40
615,FACT,FACT LTD                 ,13766847367.80
616,PSPPROJECT,PSP PROJECTS LIMITED     ,13743000000.00
617,ESABINDIA,ESAB INDIA LTD           ,13725186283.00
618,SUNDARMHLD,SUNDARAM FINANCE HOLD LTD,13705120102.00
619,ATFL,AGRO TECH FOODS LIMITED  ,13654098619.20
620,BALAMINES,BALAJI AMINES LIMITED    ,13603559850.00
621,SSWL,STEEL STRIPS WHEELS LTD. ,13502640995.50
622,FAIRCHEM,FAIRCHEM SPECIALITY LTD  ,13494211787.70
623,CENTRUM,CENTRUM CAPITAL LIMITED  ,13375452591.00
624,QUICKHEAL,QUICK HEAL TECH LTD      ,13307508067.50
625,HGINFRA,H.G.INFRA ENGINEERING LTD,13281872421.80
626,JSL,JINDAL STAINLESS LIMITED ,13130673484.00
627,HGS,HINDUJA GLOBAL SOLS. LTD.,13120965302.90
628,MAJESCO,MAJESCO LIMITED          ,13062772669.00
629,TIIL,TECHNOCRAFT IND LTD      ,13045417677.10
630,BODALCHEM,BODAL CHEMICALS LTD      ,13031431787.25
631,SESHAPAPER,SESHASAYEE PAPER & BOARDS,13014110689.00
632,PAPERPROD,HUHTAMAKI PPL LIMITED    ,12963339971.10
633,SPTL,SINTEX PLASTICS TECH LTD ,12935942226.00
634,GICHSGFIN,GIC HOUSING FINANCE LTD  ,12859634560.80
635,GTLINFRA,GTL INFRA.LTD            ,12817533364.65
636,KIRIINDUS,KIRI INDUSTRIES LIMITED  ,12752286464.35
637,LGBBROSLTD,LG BALAKRISHNAN & BROS   ,12734333550.40
638,SATIN,SATIN CREDIT NET LTD     ,12717450613.35
639,TEXRAIL,TEXMACO RAIL & ENG. LTD. ,12509813051.70
640,STERTOOLS,STERLING TOOLS LIMITED   ,12392328584.00
641,DAAWAT,LT FOODS LIMITED         ,12362000747.00
642,POWERMECH,POWER MECH PROJECTS LTD. ,12323942541.00
643,PAISALO,PAISALO DIGITAL LIMITED  ,12289680000.00
644,DPSCLTD,DPSC LIMITED             ,12172370500.00
645,INSECTICID,INSECTICIDES (I) LTD     ,12168164895.00
646,SURYAROSNI,SURYA ROSHNI LTD         ,12127760304.60
647,BANCOINDIA,BANCO PRODUCTS (I) LTD   ,12111683377.50
648,MMFL,MM FORGINGS LTD          ,12102990080.00
649,FILATEX,FILATEX INDIA LTD        ,12016875000.00
650,SAGCEM,SAGAR CEMENTS LIMITED    ,12004380000.00
651,HDIL,HOUSING DEV & INFRA LTD  ,11917604632.50
652,GOCLCORP,GOCL CORPORATION LIMITED ,11870132730.50
653,OCCL,ORIENTAL CARBN & CHEM LTD,11832234450.40
654,ASHIANA,ASHIANA HOUSING LTD      ,11703962520.65
655,TATASPONGE,TATA SPONGE IRON LIMITED ,11570790000.00
656,TAJGVK,TAJ GVK HOTELS & RESORTS ,11502589257.75
657,DREDGECORP,DREDGING CORP OF INDIA   ,11452000000.00
658,IOLCP,IOL CHEM AND PHARMA LTD  ,11392855255.40
659,BEPL,BHANSALI ENG. POLYMERS LT,11372831622.00
660,CESCVENT,CESC VENTURES LIMITED    ,11334952917.95
661,KCP,KCP LTD                  ,11280601500.00
662,JBMA,JBM AUTO LIMITED         ,11206486490.80
663,GDL,GATEWAY DISTRIPARKS LTD. ,11188116242.10
664,GIPCL,GUJ IND POW CO. LTD      ,11177462793.20
665,HBLPOWER,HBL POWER SYSTEMS LTD.   ,11168518272.35
666,HONDAPOWER,HONDA SIEL POWER PROD LTD,11157885253.55
667,KIRLOSBROS,KIRLOSKAR BROTHERS LTD   ,11101367854.80
668,APEX,APEX FROZEN FOODS LIMITED,11067187500.00
669,DHAMPURSUG,DHAMPUR SUGAR MILLS LTD. ,11056853114.50
670,INEOSSTYRO,INEOS STYROLUTION IND LTD,11049048187.50
671,JINDALPOLY,JINDAL POLY FILMS LIMITED,10834947896.85
672,SASKEN,SASKEN TECHNOLOGIES LTD  ,10813592048.00
673,TRIVENI,TRIVENI ENGG. & INDS. LTD,10795002853.50
674,JPPOWER,JAIPRAKASH POWER VEN. LTD,10792805551.20
675,TFCILTD,TOURISM FINANCE CORP. OF ,10787793370.20
676,BLS,BLS INTL SERVS LTD       ,10695780000.00
677,RTNPOWER,RATTANINDIA POWER LIMITED,10630560070.80
678,MCLEODRUSS,MCLEOD RUSSEL INDIA LTD. ,10622679081.75
679,ALEMBICLTD,ALEMBIC LIMITED          ,10502376765.20
680,HESTERBIO,HESTER BIOSCIENCES LTD   ,10499598126.25
681,SAREGAMA,SAREGAMA INDIA LIMITED   ,10487904360.40
682,MARKSANS,MARKSANS PHARMA LIMITED  ,10457964983.90
683,EIHAHOTELS,EIH ASSOCIATED HOTELS LTD,10417059459.30
684,DFMFOODS,DFM FOODS LIMITED        ,10367423822.00
685,TTKHLTCARE,TTK HEALTHCARE LIMITED   ,10366012288.80
686,GVKPIL,GVK POW. & INFRA LTD.    ,10343828120.00
687,LUMAXTECH,LUMAX AUTO TECH LTD      ,10342931733.75
688,DEEPAKFERT,DEEPAK FERTILIZERS & PETR,10324388578.15
689,NUCLEUS,NUCLEUS SOFTWARE EXPORTS ,10318169237.20
690,ACE,ACTION CONST EQUIP LTD   ,10312691700.00
691,MAITHANALL,MAITHAN ALLOYS LTD       ,10242898867.50
692,KESORAMIND,KESORAM INDUSTRIES LTD   ,10152413624.80
693,SHEMAROO,SHEMAROO ENTER. LTD.     ,10045196422.45
694,VOLTAMP,VOLTAMP TRANSFORMERS LTD ,10037194752.00
695,ASTEC,ASTEC LIFESCIENCES LTD   ,10006234986.75
696,USHAMART,USHA MARTIN LTD.         ,9965056206.00
697,SHANTIGEAR,SHANTHI GEARS LTD        ,9952990895.40
698,ANANTRAJ,ANANT RAJ LIMITED        ,9856217589.00
699,CIGNITITEC,CIGNITI TECHNOLOGIES LTD ,9844362393.60
700,MASTEK,MASTEK LTD               ,9826686271.35
701,KOKUYOCMLN,KOKUYO CAMLIN LIMITED    ,9684332469.30
702,OPTIEMUS,OPTIEMUS INFRACOM LTD    ,9675550035.25
703,MATRIMONY,MATRIMONY.COM LIMITED    ,9674750381.40
704,GRSE,GARDEN REACH SHIP&ENG LTD,9673916400.00
705,SOLARA,SOLARA ACTIVE PHA SCI LTD,9590887582.90
706,PFS,PTC INDIA FIN SERV LTD   ,9570021691.50
707,APCOTEXIND,APCOTEX INDUSTRIES LIMITE,9524956051.20
708,SHRIRAMEPC,SHRIRAM EPC LTD.         ,9472407925.50
709,HTMEDIA,HT MEDIA LIMITED         ,9344844807.10
710,INDNIPPON,INDIA NIPPON ELECT  LTD  ,9292880979.20
711,NEULANDLAB,NEULAND LAB LTD.         ,9276414652.50
712,IGPL,I G PETROCHEMICALS LTD   ,9223057575.00
713,GMBREW,G M BREWERIES LTD        ,9211879656.00
714,ICIL,INDO COUNT INDUSTRIES LTD,9198824622.00
715,BALAJITELE,BALAJI TELEFILMS LIMITED.,9187700746.55
716,GTPL,GTPL HATHWAY LIMITED     ,9154491293.20
717,BAJAJHIND,BAJAJ HINDUSTHAN SUGAR LT,9125157533.10
718,GALLISPAT,GALLANTT ISPAT LTD       ,9106133220.00
719,ZUARI,ZUARI AGRO CHEMICALS LTD ,9105558299.00
720,PANACEABIO,PANACEA BIOTEC LTD       ,9083485631.80
721,V2RETAIL,V2 RETAIL LIMITED        ,9053466582.60
722,MOREPENLAB,MOREPEN LAB. LTD         ,9011481582.65
723,KAYA,KAYA LIMITED             ,9010956767.25
724,ZEELEARN,ZEE LEARN LIMITED        ,8983468873.75
725,CLNINDIA,CLARIANT CHEMICALS (INDIA,8951121264.40
726,GEOJITFSL,GEOJIT FINANCIAL SER L   ,8935254487.50
727,AMRUTANJAN,AMRUTAJAN HEALTH LTD     ,8922649807.50
728,SIMPLEXINF,SIMPLEX INFRASTRUCTURES L,8893870986.00
729,SHANKARA,SHANKARA BLDG PRODUCT LTD,8886102881.40
730,FOSECOIND,FOSECO INDIA LTD         ,8828002275.70
731,MIRZAINT,MIRZA INTERNATIONAL LIMIT,8818429800.00
732,KSL,KALYANI STEELS LIMITED   ,8763351795.00
733,RNAVAL,RELIANCE NAVAL & ENGG LTD,8740456466.55
734,MTNL,MAHANAGAR TELEPHONE NIGAM,8694000000.00
735,DYNAMATECH,DYNAMATIC TECHNOLOGIES   ,8690630559.35
736,KINGFA,KINGFA SCI & TEC IND LTD.,8689255767.50
737,UNIPLY,UNIPLY INDUSTRIES LIMITED,8679904798.50
738,SMLISUZU,SML ISUZU LIMITED        ,8625101016.00
739,ELECTCAST,ELECTROSTEEL CASTINGS LTD,8616496388.75
740,MPSLTD,MPS LIMITED              ,8609397428.70
741,HOTELEELA,HOTEL LEELA VENTURES LTD ,8607031605.90
742,MANPASAND,MANPASAND BEVERAGES LTD. ,8601849059.40
743,SUNFLAG,SUNFLAG IRON AND STEEL CO,8578445724.80
744,SARDAEN,SARDA ENERGY & MIN LTD   ,8558088389.00
745,HMVL,HINDUSTAN MEDIA VENT LTD ,8521016697.00
746,MANINFRA,MAN INFRA LTD            ,8489259261.00
747,SRIPIPES,SRIKALAHASTHI PIPES LTD  ,8429062463.50
748,PUNJABCHEM,PUNJAB CHEM & CROP PROT L,8384882103.00
749,ANDHRSUGAR,ANDHRA SUGARS LTD        ,8358467501.30
750,RICOAUTO,RICO AUTO INDUSTRIES LTD ,8353848750.00
751,HINDNATGLS,HIND NATL GLASS & IND LTD,8328481545.00
752,BFINVEST,BF INVESTMENT LIMITED    ,8279344634.40
753,GENUSPOWER,GENUS POWER INFRASTRU LTD,8247592647.20
754,SORILINFRA,SORIL INFRA RESOURCES LTD,8220660000.00
755,KIRLOSIND,KIRLOSKAR INDUSTRIES LTD ,8219802276.35
756,HMT,HMT LTD -                ,8192987950.00
757,GPIL,GODAWARI POW & ISP LTD   ,8190665615.15
758,INDIAGLYCO,INDIA GLYCOLS LTD        ,8128941825.00
759,UNIVCABLES,UNIVERSAL CABLES LTD     ,8083829535.60
760,SAKUMA,SAKUMA EXPORTS LIMITED   ,8082532397.00
761,MONTECARLO,MONTE CARLO FASHIONS LTD.,8074548379.20
762,KHADIM,KHADIM INDIA LIMITED     ,8025951759.75
763,IFGLEXPOR,IFGL REFRACTORIES LIMITED,8020548885.60
764,JKIL,JKUMAR INFR.LTD.         ,8016760360.70
765,GATI,GATI LIMITED             ,8010409710.60
766,TIRUMALCHM,THIRUMALAI CHEMICALS LTD ,8006750984.00
767,SICAL,SICAL LOGISTICS LIMITED  ,7985090022.80
768,TWL,TITAGARH WAGONS LTD.     ,7919397786.00
769,THEINVEST,THE INVEST TRUST OF IND L,7763266149.05
770,SCHAND,S CHAND AND COMPANY LTD  ,7692814375.65
771,HINDUJAVEN,HINDUJA VENTURES LIMITED ,7686730346.85
772,RAMKY,RAMKY INFRA LTD          ,7641624877.60
773,SHARDAMOTR,SHARDA MOTOR INDS LTD    ,7633893318.80
774,BFUTILITIE,BF UTILITIES LIMITED     ,7561776321.00
775,ALICON,ALICON CASTALLOY LIMITED ,7499530500.00
776,DALMIASUG,DALMIA BHARAT SUG IN LTD ,7442368910.85
777,ORIENTPPR,ORIENT PAPER AND INDS LTD,7405285187.80
778,ELECON,ELECON ENG. CO. LTD      ,7382757697.00
779,TEXINFRA,TEXMACO INFRA & HOLDG LTD,7377999561.00
780,SEAMECLTD,SEAMEC LIMITED           ,7375792500.00
781,NATHBIOGEN,NATH BIO-GENES (I) LTD   ,7360249200.00
782,EVERESTIND,EVEREST INDUSTRIES LTD   ,7353670896.00
783,EROSMEDIA,EROS INTL MEDIA LTD      ,7349984171.40
784,SHAKTIPUMP,SHAKTI PUMPS (I) LTD     ,7349305376.60
785,RUSHIL,RUSHIL DECOR LIMITED     ,7240949453.40
786,MUKANDLTD,MUKAND LTD.              ,7225839497.10
787,ARSHIYA,ARSHIYA LIMITED          ,7198802328.60
788,MEP,MEP INFRA. DEVELOPERS LTD,7172740594.10
789,IMPAL,IND MOTOR PART & ACC LTD ,7155616000.00
790,GNA,GNA AXLES LIMITED        ,7138318770.00
791,ORIENTHOT,ORIENT HOTELS LTD        ,7126107282.00
792,STCINDIA,THE STATE TRADING CORPN  ,7053000000.00
793,RAMCOSYS,RAMCO SYSTEMS LTD.       ,7038299692.60
794,TTML,TATA TELESERV(MAHARASTRA),7037739817.20
795,SANWARIA,SANWARIA CONSUMER LIMITED,7029755000.00
796,SKIPPER,SKIPPER LIMITED          ,6996974947.80
797,BRNL,BHARAT ROAD NETWORK LTD  ,6967850000.00
798,ZEEMEDIA,ZEE MEDIA CORPORATION LTD,6967684674.00
799,NAVKARCORP,NAVKAR CORPORATION LTD.  ,6946460203.15
800,PDSMFL,PDS MULTINATIONAL FAS LTD,6890660834.20
801,UFO,UFO MOVIEZ INDIA LTD.    ,6859476301.95
802,KITEX,KITEX GARMENTS LTD       ,6852825000.00
803,MUNJALSHOW,MUNJAL SHOWA LTD         ,6804766200.00
804,TATASTLBSL,TATA STEEL BSL LIMITED   ,6795465930.00
805,ASTRAMICRO,ASTRA MICROWAVE LTD      ,6790355320.00
806,APTECHT,APTECH LIMITED           ,6787889234.00
807,KICL,KALYANI INVEST CO LTD    ,6745925627.10
808,ATULAUTO,ATUL AUTO LIMITED        ,6704744760.00
809,MAXVIL,MAX VENTURES AND INDS LTD,6698109819.00
810,REPRO,REPRO INDIA LIMITED      ,6664434674.70
811,PANAMAPET,PANAMA PETROCHEM LTD     ,6627073660.90
812,SUTLEJTEX,SUTLEJ TEXT & INDUS LTD  ,6610484817.00
813,HCL-INSYS,HCL INFOSYSTEMS LTD      ,6584198560.00
814,VHL,VARDHMAN HOLDINGS LIMITED,6553550387.20
815,AMBIKCO,AMBIKA COTTON MILL LTD.  ,6545965000.00
816,GUFICBIO,GUFIC BIOSCIENCES LTD.   ,6510479500.00
817,UNIENTER,UNIPHOS ENTERPRISES LTD  ,6464286664.55
818,FIEMIND,FIEM INDUSTRIES LIMITED  ,6453580632.00
819,AJMERA,AJMERA REALTY & INF I LTD,6392600231.25
820,NELCAST,NELCAST LIMITED          ,6364137780.00
821,BBL,BHARAT BIJLEE LTD        ,6362526248.00
822,GANECOS,GANESHA ECOSPHERE LIMITED,6275951637.50
823,DBREALTY,D B REALTY LIMITED       ,6215261880.10
824,CAMLINFINE,CAMLIN FINE SCIENCES LTD ,6202141895.40
825,SPAL,S. P. APPARELS LIMITED   ,6164939370.00
826,WENDT,WENDT (INDIA) LIMITED    ,6094000000.00
827,JAYAGROGN,JAYANT AGRO ORGANICS LTD ,6052500000.00
828,IMFA,INDIAN METALS & FERRO    ,6052301840.55
829,RSYSTEMS,R SYS INTERNATIONAL LTD  ,6050732740.00
830,MOLDTKPAC,MOLD-TEK PACKAGING LTD   ,6031111125.60
831,VISAKAIND,VISAKA INDUSTRIES LIMITED,5932329619.60
832,DATAMATICS,DATAMATICS GLOBAL SER LTD,5927355835.35
833,NRAIL,N R AGARWAL INDS LTD     ,5926901575.00
834,SUMMITSEC,SUMMIT SECURITIES LTD    ,5920757261.10
835,WEIZFOREX,WEIZMANN FOREX LIMITED   ,5908808209.15
836,HITECHGEAR,THE HI-TECH GEARS LIMITED,5842478400.00
837,PRABHAT,PRABHAT DAIRY LIMITED    ,5831265020.70
838,ZENTEC,ZEN TECHNOLOGIES LIMITED ,5829442533.00
839,VIMTALABS,VIMTA LABS LIMITED       ,5824302544.50
840,SINTEX,SINTEX INDUSTRIES LTD    ,5792427108.00
841,MANGLMCEM,MANGALAM CEMENT LTD      ,5709799542.00
842,NELCO,NELCO LTD                ,5658963200.00
843,SMSPHARMA,SMS PHARMACEUTICALS LTD. ,5642057799.50
844,SITINET,SITI NETWORKS LIMITED    ,5624747319.60
845,RJL,RENAISSANCE JEWEL. LTD.  ,5603417792.00
846,ASTRON,ASTRON PAPER BORD MIL LTD,5531175000.00
847,POKARNA,POKARNA LIMITED          ,5524912800.00
848,INDORAMA,INDO RAMA SYNTHETICS LTD ,5519321079.30
849,NSIL,NALWA SONS INVESTMENT LTD,5514698213.10
850,PRECAM,PRECISION CAMSHAFTS LTD. ,5461685512.50
851,GKWLIMITED,GKW LIMITED              ,5419073625.00
852,NCLIND,NCL INDUSTRIES LIMITED   ,5416626602.50
853,3IINFOTECH,3I INFOTECH LTD.         ,5413302844.95
854,DECCANCE,DECCAN CEMENTS LIMITED   ,5390086000.00
855,JAYBARMARU,JAY BHARAT MARUTI LTD    ,5383272500.00
856,MIRCELECTR,MIRC ELECTRONICS LTD     ,5358100760.80
857,CENTENKA,CENTURY ENKA LTD         ,5352301775.55
858,SANDESH,SANDESH LTD              ,5351580647.00
859,PNBGILTS,PNB GILTS LIMITED        ,5346300979.80
860,ALOKTEXT,ALOK INDUSTRIES LTD      ,5301984368.45
861,SREEL,SREELEATHERS LIMITED     ,5283810270.60
862,SNOWMAN,SNOWMAN LOGISTICS LTD.   ,5246563043.00
863,MUNJALAU,MUNJAL AUTO IND. LTD.    ,5235000000.00
864,XCHANGING,XCHANGING SOLUTIONS LTD  ,5219264094.60
865,BIRLACABLE,BIRLA CABLE LIMITED      ,5212500000.00
866,ADFFOODS,ADF FOODS LIMITED        ,5137114000.30
867,SPIC,SPIC LTD                 ,5121554450.40
868,IFBAGRO,IFB AGRO INDUSTRIES LTD  ,5073227317.60
869,GANDHITUBE,GANDHI SPL. TUBES LTD    ,5066595556.40
870,BHAGERIA,BHAGERIA INDUSTRIES LTD  ,5063542346.50
871,NAGAFERT,NAGARJUN FERT AND CHE LTD,5053649275.35
872,SQSBFSI,SQS INDIA BFSI LIMITED   ,5010648293.70
873,MARATHON,MARATHON NXTGEN REALT LTD,4974900000.00
874,KDDL,KDDL LIMITED             ,4937137021.30
875,CENTUM,CENTUM ELECTRONICS LTD   ,4934089266.90
876,THANGAMAYL,THANGAMAYIL JEWELLERY LTD,4902006648.60
877,RUBYMILLS,THE RUBY MILLS LTD       ,4881404000.00
878,PRECWIRE,PRECISION WIRES INDIA LTD,4868285283.00
879,INDTERRAIN,IND TERRAIN FASHIONS LTD ,4822339230.00
880,MANGCHEFER,MANG.CHEM.FERT.LTD       ,4811715090.00
881,RTNINFRA,RATTANINDIA INFRA LIMITED,4768830092.40
882,RSWM,RSWM LIMITED             ,4763157794.50
883,ADORWELD,ADOR WELDING LTD         ,4754703986.55
884,PATELENG,PATEL ENGINEERING LTD.   ,4749089402.75
885,RIIL,RELIANCE INDUSTRIAL INFRA,4739135000.00
886,ASIANTILES,ASIAN GRANITO IND. LTD.  ,4726737766.60
887,BALLARPUR,BALLARPUR INDUSTRIES LTD ,4721113509.40
888,NITINSPIN,NITIN SPINNERS LIMITED   ,4677504000.00
889,RELIGARE,RELIGARE ENTER. LTD.     ,4642574486.20
890,ORISSAMINE,ORISSA MIN DEV CO LTD    ,4600800000.00
891,PLASTIBLEN,PLASTIBLENDS INDIA LTD   ,4583195420.00
892,SHREYAS,SHREYAS SHIPPING & LOGIST,4482630361.95
893,SPECIALITY,SPECIALITY REST LTD      ,4470368946.40
894,RML,RANE (MADRAS) LIMITED    ,4464260268.60
895,MSPL,MSP STEEL & POWER LTD.   ,4451543250.00
896,SDBL,SOM DIST & BREW LTD      ,4440466234.90
897,TANLA,TANLA SOLUTIONS LIMITED  ,4412561616.00
898,PROZONINTU,PROZONE INTU PROPRTIS LTD,4387332886.25
899,MENONBE,MENON BEARINGS LIMITED   ,4385130000.00
900,ARVSMART,ARVIND SMARTSPACES LTD   ,4374909607.50
901,SHREEPUSHK,SHRE PUSH CHEM & FERT LTD,4352098511.50
902,MANALIPETC,MANALI PETROCHEMICALS LT ,4325780609.35
903,GOACARBON,GOA CARBON LIMITED       ,4324787175.20
904,PENIND,PENNAR INDUSTRIES LTD    ,4320547552.60
905,DWARKESH,DWARIKESH SUGAR IND LTD  ,4312103663.00
906,NACLIND,NACL INDUSTRIES LIMITED  ,4303275900.00
907,FCL,FINEOTEX CHEMICAL LIMITED,4296180000.00
908,VIPULLTD,VIPUL LIMITED            ,4295444384.00
909,ALANKIT,ALANKIT LIMITED          ,4281595095.00
910,AGLSL,ARTEM GLOBAL LIFE SC LTD ,4236064000.00
911,TDPOWERSYS,TD POWER SYSTEMS LTD.    ,4217849917.20
912,RBL,RANE BRAKE LINING LTD    ,4213539603.00
913,ORICONENT,ORICON ENTERPRISES LTD   ,4208878762.00
914,GENESYS,GENESYS INTL CORPN LTD   ,4200455707.20
915,BLKASHYAP,B.L.KASHYAP & SON LTD    ,4190308000.00
916,BUTTERFLY,BTRFLY GANDHI APPL LTD   ,4181133001.35
917,JPINFRATEC,JAYPEE INFRATECH LTD     ,4166800491.00
918,PPAP,PPAP AUTOMOTIVE LIMITED  ,4153800000.00
919,SETCO,SETCO AUTOMOTIVE LTD     ,4143995525.00
920,GRAVITA,GRAVITA INDIA LIMITED    ,4131677511.40
921,KELLTONTEC,KELLTON TECH SOL LTD     ,4125169630.40
922,CONTROLPR,CONTROL PRINT LIMITED    ,4118857766.40
923,PRICOLLTD,PRICOL LIMITED           ,4114177691.40
924,PRAXIS,PRAXIS HOME RETAIL LTD   ,4100197471.60
925,MTEDUCARE,MT EDUCARE LTD           ,4098922586.40
926,DHANBANK,DHANLAXMI BANK LIMITED   ,4086145156.60
927,MADRASFERT,MADRAS FERTILISERS LTD   ,4083917955.00
928,SANGHVIMOV,SANGHVI MOVERS LTD       ,4079894000.00
929,63MOONS,63 MOONS TECHNOLOGIES LTD,4071038743.95
930,NECLIFE,NECTAR LIFESCIENCES LTD. ,4070336605.50
931,UNITECH,UNITECH LIMITED          ,4055266622.85
932,GALLANTT,GALLANTT METAL LIMITED   ,4037653386.60
933,AHLWEST,ASIAN HOTELS (WEST) LTD  ,3983548699.00
934,GLOBUSSPR,GLOBUS SPIRITS LTD       ,3982938764.40
935,KAMDHENU,KAMDHENU LIMITED         ,3979640000.00
936,WINDMACHIN,WINDSOR MACHINES LIMITED ,3957593210.00
937,BINDALAGRO,OSWAL CHEM. & FERT. LTD. ,3954861048.60
938,BGRENERGY,BGR ENERGY SYSTEMS LTD   ,3940021176.00
939,SHIVAMAUTO,SHIVAM AUTO.LTD          ,3940000000.00
940,ABAN,ABAN OFFSHORE LTD.       ,3919231439.45
941,TBZ,TRIB BHIMJI ZAVERI LTD   ,3907077801.00
942,CREST,CREST VENTURES LIMITED   ,3847862500.00
943,8KMILES,8K MILES SOFT SERV LTD   ,3845218230.00
944,COSMOFILMS,COSMO FILMS LTD          ,3809282892.20
945,VIDHIING,VIDHI SPCLTY F INGRDNTS L,3800814500.00
946,HARITASEAT,HARITA SEATING SYS. LTD  ,3780803316.00
947,LINCOLN,LINCOLN PHARMA LTD       ,3776000000.00
948,TCPLPACK,TCPL PACKAGING LIMITED   ,3758300000.00
949,SALASAR,SALASAR TECHNO ENGG. LTD.,3717216867.20
950,SUBEX,SUBEX LIMITED            ,3681119224.25
951,ONMOBILE,ONMOBILE GLOBAL LTD.     ,3651803779.10
952,UCALFUEL,UCAL FUEL SYSTEMS LTD    ,3650959487.50
953,GREENPOWER,ORIENT GREEN POWER CO LTD,3603475089.60
954,AVADHSUGAR,AVADH SUG & ENERGY LTD   ,3587300864.00
955,INDRAMEDCO,INDRAPRASTHA MEDICAL CORP,3575247000.00
956,MANINDS,MAN INDUSTRIES (I) LTD.  ,3568940937.50
957,HPL,HPL ELECTRIC & POWER LTD ,3555816875.80
958,RAMANEWS,SHREE RAMA NEWSPRINT LTD ,3555280971.20
959,AVTNPL,AVT NATURAL PRODUCTS LTD ,3548217200.00
960,AKSHOPTFBR,AKSH OPTIFIBRE LIMITED   ,3546815767.80
961,RPGLIFE,RPG LIFE SCIENCES LTD    ,3541003111.50
962,TALWGYM,TALWALKARS HEALTHCLUB LTD,3536103826.80
963,EMAMIREAL,EMAMI REALTY LIMITED     ,3535666402.95
964,KRIDHANINF,KRIDHAN INFRA LIMITED    ,3525786426.00
965,LINCPEN,LINC PEN & PLASTICS LTD  ,3524233566.00
966,DEEPIND,DEEP INDUSTRIES LTD      ,3515200000.00
967,SHALPAINTS,SHALIM PAINTS LTD        ,3509741851.20
968,VADILALIND,VADILAL INDUSTRIES LTD   ,3501910776.00
969,VARDHACRLC,VARDHAMAN ACRYLICS LTD   ,3411441017.70
970,SKIL,SKIL INFRASTRUCTURE LTD. ,3410996904.00
971,HERCULES,HERCULES HOI. LTD.       ,3403200000.00
972,DCW,DCW LTD                  ,3381107327.10
973,TVSELECT,TVS ELECTRONICS LTD      ,3371711980.70
974,HINDCOMPOS,HINDUSTAN COMPOSITES LTD.,3364378200.00
975,DVL,DHUNSERI VENTURES LIMITED,3348366482.40
976,CEREBRAINT,CEREBRA INT TECH LTD     ,3340724875.50
977,ADVANIHOTR,ADVANI HOT.& RES.(I) LTD ,3339340812.50
978,UTTAMSUGAR,UTTAM SUGAR MILLS LTD.   ,3312295722.00
979,WALCHANNAG,WALCHANDNAGAR INDUSTRIES ,3304493794.00
980,VIKASECO,VIKAS ECOTECH LIMITED    ,3302816165.00
981,AGCNET,AGC NETWORKS LIMITED     ,3302109824.00
982,KILITCH,KILITCH DRUGS INDIA LTD  ,3281415215.40
983,ZODIACLOTH,ZODIAC CLOTHING CO. LTD. ,3272979405.20
984,CAPTRUST,CAPITAL TRUST LIMITED    ,3272283000.00
985,ZUARIGLOB,ZUARI GLOBAL LIMITED     ,3260546893.00
986,AKSHARCHEM,AKSHARCHEM INDIA LIMITED ,3254787712.00
987,NAHARSPING,NAHAR SPINNING MILLS LTD.,3235057679.10
988,OMMETALS,OM METALS INFRAPRO LTD   ,3211732030.15
989,DICIND,DIC INDIA LIMITED        ,3193825047.15
990,ORBTEXP,ORBIT EXPORTS LIMITED    ,3164879872.00
991,GOKEX,GOKALDAS EXPORTS LTD.    ,3159795929.40
992,ROHLTD,ROYAL ORCHID HOTELS LTD  ,3152613631.40
993,EKC,EVEREST KANTO CYLINDERLTD,3119373559.60
994,TNPETRO,TAMILNADU PETROPRODUCTS L,3113013000.40
995,5PAISA,5PAISA CAPITAL LIMITED   ,3092397590.50
996,BASML,BANNARI AM SPIN MILL LTD.,3087049010.55
997,VSSL,VARDHMAN SPC STEEL LTD   ,3078898680.00
998,JAYNECOIND,JAYASWAL NECO INDUSTR LTD,3065438702.40
999,RANEENGINE,RANE ENG VALVE LTD       ,3023882349.60
1000,JINDRILL,JINDAL DRILLING IND. LTD ,3011136705.60
1001,PODDARHOUS,PODDAR HOUSE & DVPT LTD  ,3007077710.00
1002,SASTASUNDR,SASTASUNDAR VENTURES LTD ,3006092250.00
1003,NBIFIN,N.B.I. IND. FIN. CO. LTD ,2997426160.30
1004,PGIL,PEARL GLOBAL IND LIMITED ,2983124124.90
1005,ALPHAGEO,ALPHAGEO (INDIA) LIMITED ,2955161318.10
1006,KANORICHEM,KANORIA CHEMICALS & INDUS,2953669310.80
1007,GANESHHOUC,GANESH HOUSING CORP LTD  ,2953625400.00
1008,GULPOLY,GULSHAN POLYOLS LIMITED  ,2946388856.00
1009,GULFPETRO,GP PETROLEUMS LIMITED    ,2906109831.00
1010,ASIANHOTNR,ASIAN HOTELS (NORTH) LTD ,2878105230.55
1011,ORIENTABRA,ORIENT ABRASIVE LTD      ,2871340800.00
1012,SELAN,SELAN EXPLO. TECH LTD    ,2862620000.00
1013,NILAINFRA,NILA INFRASTRUCTURES LTD ,2855696700.00
1014,VASCONEQ,VASCON ENGINEERS LTD     ,2850187456.00
1015,RUCHIRA,RUCHIRA PAPERS LIMITED   ,2847161789.60
1016,SAKSOFT,SAKSOFT LIMITED          ,2843438750.00
1017,ROSSELLIND,ROSSELL INDIA LIMITED    ,2827463398.75
1018,AURIONPRO,AURIONPRO SOLN LTD       ,2820992524.35
1019,ALLSEC,ALLSEC TECHNOLOGIES LTD  ,2787851741.70
1020,PARSVNATH,PARSVNATH DEVELOPER LTD  ,2785159488.00
1021,NDL,NANDAN DENIM LIMITED     ,2784442795.20
1022,APCL,ANJANI PORTLAND CEM LTD  ,2781426560.00
1023,AHLEAST,ASIAN HOTELS (EAST) LTD  ,2730935109.30
1024,MERCATOR,MERCATOR LIMITED         ,2722134015.00
1025,HUBTOWN,HUBTOWN LIMITED          ,2716684781.85
1026,BHARATWIRE,BHARAT WIRE ROPES LTD.   ,2697134880.00
1027,FMNL,FUTURE MKT NETWORKS LTD  ,2687908667.75
1028,LIBERTSHOE,LIBERTY SHOES LTD        ,2683800000.00
1029,KOTHARIPRO,KOTHARI PRODUCTS LTD     ,2669533724.25
1030,RPPINFRA,R.P.P INFRA PROJECTS LTD ,2661218766.00
1031,BIL,BHARTIYA INTERNATIONAL   ,2649328821.35
1032,PTL,PTL ENTERPRISES LTD      ,2630992875.00
1033,THEMISMED,THEMIS MEDICARE LTD.     ,2627126553.30
1034,BIRLAMONEY,ADITYA BIRLA MONEY LTD   ,2626073814.75
1035,DLINKINDIA,D-LINK INDIA LTD         ,2584753080.00
1036,PENINLAND,PENINSULA LAND LIMITED   ,2582611285.00
1037,SRHHYPOLTD,SREE RAYALSEEMA HHP LTD. ,2575581391.05
1038,NITCO,NITCO LIMITED            ,2540214059.25
1039,TALBROAUTO,TALBROS AUTO. COMP. LTD  ,2527150461.00
1040,ESSARSHPNG,ESSAR SHIPPING LTD       ,2525108078.40
1041,NIPPOBATRY,INDO-NATIONAL LIMITED    ,2514375000.00
1042,PREMEXPLN,PREMIER EXPLOSIVES LTD   ,2514087802.65
1043,BRFL,BOMBAY RAYON FASHIONS LTD,2508064184.10
1044,KARDA,KARDA CONSTRUCTIONS LTD  ,2500590000.00
1045,ESTER,ESTER INDUSTRIES LTD     ,2497643082.05
1046,SHIVATEX,SHIVA TEXYARN LIMITED    ,2463563605.65
1047,IL&FSTRANS,IL&FS TRANS NET LTD      ,2450752201.15
1048,OPTOCIRCUI,OPTO CIRCUITS (I) LTD.   ,2429336180.70
1049,APOLLO,APOLLO MICRO SYSTEMS LTD ,2424183690.50
1050,TIL,TIL LTD                  ,2399239388.00
1051,SWELECTES,SWELECT ENERGY SYS LTD   ,2379420028.00
1052,SANGAMIND,SANGAM (INDIA) LTD       ,2373177851.80
1053,CANTABIL,CANTABIL RETAIL LTD      ,2356890214.80
1054,RAJTV,RAJ TV NETWORK LTD       ,2354270150.40
1055,AXISCADES,AXISCADES ENGG TECH LTD  ,2350530742.50
1056,APOLSINHOT,APOLLO SINDOORI HOTEL LTD,2348031180.00
1057,SARLAPOLY,SARLA PERF. FIBERS LTD   ,2342259150.00
1058,GEECEE,GEECEE VENTURES LIMITED  ,2339948681.10
1059,MANAKSIA,MANAKSIA LTD.            ,2333012180.00
1060,RUCHISOYA,RUCHI SOYA INDUSTRIES LTD,2305294981.80
1061,ASHAPURMIN,ASHAPURA MINECHEM LTD    ,2292083682.30
1062,NDTV,NDTV LTD                 ,2291953541.85
1063,EMKAY,EMKAY GLOBAL FIN SERV LTD,2289569790.00
1064,KABRAEXTRU,KABRA EXTRUSION TECHNIK L,2287396344.00
1065,ORIENTBELL,ORIENT BELL LIMITED      ,2279772160.00
1066,ASAHISONG,ASAHI SONGWON COLOR LTD  ,2262391499.70
1067,GOKULAGRO,GOKUL AGRO RESOURCES LTD ,2248809750.00
1068,JAYSREETEA,JAYSHREE TEA & INDUSTRIES,2230785948.00
1069,TRIGYN,TRIGYN TECHNOLOGIES LTD  ,2225599529.40
1070,SPICEMOBI,SPICE MOBILITY LIMITED   ,2176101028.10
1071,RMCL,RADHA MADHAV CO. LTD.    ,2167191102.50
1072,EIMCOELECO,EIMCO ELECON (INDIA) LTD ,2145839220.00
1073,ALBERTDAVD,ALBERT DAVID LIMITED     ,2142183256.70
1074,GOKUL,GOKUL REFOILS & SOLV LTD ,2136699000.00
1075,TI,TILAKNAGAR INDUSTRIES LTD,2133530693.25
1076,ARMANFIN,ARMAN FIN SERV LTD       ,2129568792.00
1077,GUJAPOLLO,GUJ. APOLLO IND. LTD.    ,2128721796.80
1078,CHEMFAB,CHEMFAB ALKALIS LIMITED  ,2116218284.40
1079,SILINV,SIL INVESTMENTS LIMITED  ,2099039866.00
1080,ARIHANTSUP,ARIHANT SUPERSTRUCT LTD  ,2090927542.80
1081,ISFT,INTRASOFT TECH. LTD      ,2087478772.60
1082,GENUSPAPER,GENUS P&B LIMITED        ,2069863817.00
1083,VIVIMEDLAB,VIVIMED LABS LIMITED     ,2063097875.00
1084,ADHUNIKIND,ADHUNIK INDUSTRIES LTD   ,2050590437.50
1085,HITECH,HI-TECH PIPES LIMITED    ,2029463615.00
1086,PARACABLES,PARAMOUNT COMM LTD       ,2027050787.00
1087,STARPAPER,STAR PAPER MILLS LTD     ,2018159655.00
1088,PENPEBS,PENNAR ENG BLDG SYS LTD  ,2015364766.80
1089,CMICABLES,CMI LIMITED              ,2011425119.45
1090,PIONDIST,PIONEER DIST LTD         ,2003544130.00
1091,INDSWFTLAB,IND SWIFT LABORATORIES LT,1976352049.80
1092,VIPCLOTHNG,VIP CLOTHING LIMITED     ,1965797152.20
1093,GSCLCEMENT,GUJARAT SIDHEE CEM. LTD. ,1947077055.20
1094,SALZERELEC,SALZER ELECTRONICS LTD   ,1943949905.30
1095,EMMBI,EMMBI INDUSTRIES LIMITED ,1937966887.50
1096,STEL,STEL HOLDINGS LIMITED    ,1929512592.75
1097,DONEAR,DONEAR IND. LIMITED      ,1929200000.00
1098,GOLDIAM,GOLDIAM INTERNATIONAL LTD,1927078191.00
1099,KCPSUGIND,KCP SUGAR IND CORP LTD.  ,1916207345.00
1100,PDMJEPAPER,PUDUMJEE PAPER PRO. LTD  ,1913242500.00
1101,VLSFINANCE,VLS FINANCE LTD          ,1906037438.10
1102,HOVS,HOV SERVICES LTD         ,1901564220.60
1103,ELECTHERM,ELECTROTHERM (I) LTD.    ,1899953567.40
1104,GSS,GSS INFOTECH LIMITED     ,1894385889.55
1105,ANSALAPI,ANSAL PROP & INFRA LTD   ,1888858512.00
1106,KOPRAN,KOPRAN LTD               ,1883650817.10
1107,NAHARINDUS,NAHAR INDS ENT LTD       ,1882210412.25
1108,HIRECT,HIND RECTIFIER LIMITED   ,1855965162.15
1109,HITECHCORP,HITECH CORPORATION LTD   ,1854116815.00
1110,ASHIMASYN,ASHIMA LTD               ,1830467733.00
1111,A2ZINFRA,A2Z INFRA ENGINEERING LTD,1822840530.30
1112,BPL,BPL LTD                  ,1808738266.00
1113,SMARTLINK,SMARTLINK HOLDINGS LTD   ,1801745000.00
1114,IVC,IL&FS INVESTMENT MANAGERS,1789986618.00
1115,OMAXAUTO,OMAX AUTOS LTD           ,1784496285.50
1116,PODDARMENT,PODDAR PIGMENTS LIMITED  ,1782480000.00
1117,CLEDUCATE,CL EDUCATE LIMITED       ,1778500872.90
1118,PITTIENG,PITTI ENGINEERING LIMITED,1762825639.50
1119,SMSLIFE,SMS LIFESCIENCES (I) LTD ,1749878515.60
1120,AGARIND,AGARWAL INDS CORP LTD.   ,1731676493.60
1121,RAMASTEEL,RAMA STEEL TUBES LIMITED ,1721385000.00
1122,VISHNU,VISHNU CHEMICALS LIMITED ,1719629579.00
1123,CUPID,CUPID LIMITED            ,1712599200.00
1124,SKMEGGPROD,SKM EGG PROD EXPORT(I) LT,1707500500.00
1125,SHREYANIND,SHREYANS INDUSTRIES LTD  ,1705313750.00
1126,NEXTMEDIA,NEXT MEDIAWORKS LIMITED  ,1695735217.80
1127,DHUNINV,DHUNSERI INVESTMENTS LTD ,1688003729.30
1128,URJA,URJA GLOBAL LIMITED      ,1673779800.00
1129,SHIRPUR-G,SHIRPUR GOLD REFINERY LTD,1649165633.20
1130,PILITA,PIL ITALICA LIFESTYLE LTD,1645000000.00
1131,JAIBALAJI,JAI BALAJI INDUSTRIES LTD,1638570262.00
1132,SPLIL,SPL INDUSTRIES LIMITED   ,1605150221.40
1133,BYKE,THE BYKE HOSPITALITY LTD ,1599902220.00
1134,MAWANASUG,MAWANA SUGARS LIMITED    ,1599879737.60
1135,DTIL,DHUNSERI TEA & IND. LTD. ,1596428332.90
1136,HINDMOTORS,HINDUSTAN MOTORS LIMITED ,1596243591.45
1137,ECEIND,ECE INDUSTRIES LTD.      ,1593662229.25
1138,UTTAMSTL,UTTAM GALVA STEELS LTD   ,1593313153.60
1139,ORIENTLTD,ORIENT PRESS LIMITED     ,1589500000.00
1140,GOODLUCK,GOODLUCK INDIA LIMITED   ,1588581562.50
1141,AYMSYNTEX,AYM SYNTEX LIMITED       ,1581958009.60
1142,KWALITY,KWALITY LIMITED          ,1580871202.10
1143,TRIL,TRANS & RECTI. LTD       ,1564256498.00
1144,KGL,KARUTURI GLOBAL LIMITED  ,1529589972.00
1145,JBFIND,JBF INDUSTRIES LTD       ,1518722798.95
1146,NAHARCAP,NAHAR CAP & FIN.         ,1506317721.65
1147,IITL,INDUSTRIAL INV TRUST LTD ,1503918195.00
1148,UNITEDTEA,UNITED NILGIRI TEA LTD   ,1503466709.40
1149,BCG,BRIGHTCOM GROUP LIMITED  ,1500192221.85
1150,ATLANTA,ATLANTA LIMITED          ,1491450000.00
1151,INSPIRISYS,INSPIRISYS SOLUTIONS LTD ,1488093650.00
1152,MAHAPEXLTD,MAHA RASHTRA APEX COPR. L,1486468005.00
1153,LOVABLE,LOVABLE LINGERIE LTD     ,1481480000.00
1154,CONSOFINVT,CONSO. FIN. & HOLD. LTD. ,1470849653.00
1155,KREBSBIO,KREBS BIOCHEMICALS & IND ,1467579642.20
1156,JMTAUTOLTD,JMT AUTO LIMITED         ,1461113206.00
1157,HARRMALAYA,HARRISON MALAYALAM LTD   ,1457054224.75
1158,PGEL,PG ELECTROPLAST LTD      ,1441999066.20
1159,MBLINFRA,MBL INFRASTRUCTURES LTD  ,1429900617.60
1160,BINANIIND,BINANI INDUSTRIES LTD    ,1408341257.50
1161,IL&FSENGG,IL&FS ENG AND CONS CO LTD,1402995534.60
1162,KAKATCEM,KAKATIYA CEM SUGAR &IND L,1399683132.90
1163,SAKHTISUG,SAKTHI SUGARS LTD        ,1396476173.00
1164,UGARSUGAR,THE UGAR SUGAR WORKS LTD ,1395000000.00
1165,SIGIND,SIGNET INDUSTRIES LIMITED,1377651600.00
1166,SUPERHOUSE,SUPERHOUSE LIMITED       ,1365446250.00
1167,VINYLINDIA,VINYL CHEMICALS (I) LTD. ,1363364202.85
1168,MAHASTEEL,MAHAMAYA STEEL INDS LTD  ,1362468160.00
1169,SUNDRMBRAK,SUNDARAM BRAK LININGS LTD,1357428375.00
1170,GPTINFRA,GPT INFRAPROJECTS LTD    ,1353953300.00
1171,DYNPRO,DYNEMIC PRODUCTS LIMITED ,1341288361.60
1172,ANDHRACEMT,ANDHRA CEMENTS LIMITED   ,1335518238.60
1173,DUCON,DUCON INFRATECHNOLOGIES L,1329373985.90
1174,TECHNOFAB,TECHNOFAB ENG LTD        ,1324362500.00
1175,AUTOIND,AUTOLINE INDUSTRIES LTD  ,1324061853.40
1176,20MICRONS,20 MICRONS LTD           ,1307364899.10
1177,FLEXITUFF,FLEXITUFF VENTURES INT L ,1306347315.00
1178,TTL,T T LIMITED              ,1292032805.00
1179,JUBLINDS,JUBILANT INDUSTRIES LTD  ,1286769242.85
1180,TCIDEVELOP,TCI DEVELOPERS LIMITED   ,1286653695.00
1181,BHARATGEAR,BHARAT GEARS LTD.        ,1285346189.05
1182,DENORA,DE NORA INDIA LIMITED    ,1284689428.00
1183,MANAKSTEEL,MANAKSIA STEELS LTD      ,1271360570.00
1184,DCM,DCM LTD                  ,1270086932.00
1185,NOIDATOLL,NOIDA TOLL BRIDGE CO LTD ,1266126013.60
1186,CAREERP,CAREER POINT LIMITED     ,1258691672.70
1187,INVENTURE,INVENTURE GRO & SEC LTD  ,1247400000.00
1188,UMANGDAIRY,UMANG DAIRIES LIMITED    ,1243180800.00
1189,KOTHARIPET,KOTHARI PETROCHEM LTD    ,1235774400.00
1190,MOLDTECH,MOLD-TEK TECHNOLOGIES LTD,1234984646.80
1191,GRPLTD,GRP LIMITED              ,1232266358.60
1192,REVATHI,REVATHI EQUIPMENT LTD    ,1229844143.00
1193,ASPINWALL,ASPINWALL & CO LTD       ,1227471216.00
1194,JHS,JHS SVEND. LAB. LTD      ,1224862787.50
1195,TALWALKARS,TALWALKAR FITNESS LTD    ,1223141569.20
1196,LEEL,LEEL ELECTRICALS LIMITED ,1220050865.00
1197,KOHINOOR,KOHINOOR FOODS LIMITED   ,1219356938.00
1198,HEXATRADEX,HEXA TRADEX LIMITED      ,1212621252.80
1199,NILASPACES,NILA SPACES LIMITED      ,1201362060.00
1200,CINELINE,CINELINE INDIA LIMITED   ,1199800000.00
1201,BANSWRAS,BANSWARA SYNTEX LIMITED  ,1198978742.10
1202,TRF,TRF LIMITED              ,1198380466.80
1203,ARIES,ARIES AGRO LTD.          ,1198349838.85
1204,UJAAS,UJAAS ENERGY LIMITED     ,1170000000.00
1205,MAZDA,MAZDA LIMITED            ,1169672600.00
1206,SHYAMCENT,SHYAM CENTURY FERROUS LTD,1166408197.50
1207,PONNIERODE,PONNIE SUGARS (ERODE) LTD,1163795876.30
1208,VETO,VETO SWITCHGEAR CABLE LTD,1157410525.25
1209,GILLANDERS,GILLANDERS ARBUTHNOT LTD ,1156755153.20
1210,ARROWGREEN,ARROW GREENTECH LIMITED  ,1152275896.20
1211,ELGIRUBCO,ELGI RUBBER CO. LTD      ,1141140000.00
1212,COMPINFO,COMPUAGE INFOCOM LTD     ,1136618903.25
1213,PRIMESECU,PRIME SECURITIES LIMITED ,1134089606.25
1214,MARALOVER,MARAL OVERSEAS LTD       ,1131093000.00
1215,KECL,KIRLOSKAR ELECTRIC CO LTD,1125718503.45
1216,INDOTECH,INDO TECH TRANSFORM LTD. ,1125189000.00
1217,IVP,IVP LTD                  ,1125046353.85
1218,ISMTLTD,ISMT LIMITED             ,1120735579.95
1219,SPMLINFRA,SPML INFRA LIMITED       ,1110503362.80
1220,GINNIFILA,GINNI FILAMENTS LTD      ,1109206020.50
1221,CCHHL,COUNTRY CLUB HOSP HOL LTD,1103386961.25
1222,MODIRUBBER,MODI RUBBER LTD          ,1100531381.40
1223,KALYANIFRG,KALYANI FORGE LIMITED    ,1081031700.00
1224,CEBBCO,COMMERCIAL ENG & CO. LTD ,1076882094.40
1225,OSWALAGRO,OSWAL AGRO MILLS LTD     ,1073878208.00
1226,CYBERTECH,CYBERTECH SYSTEMS & SOFTW,1064853449.10
1227,BHAGYANGR,BHAGYANAGAR INDIA LIMITED,1063833750.00
1228,JOCIL,JOCIL LIMITED            ,1048419757.50
1229,MANGALAM,MANGALAM DRUG & CHEM LTD ,1042290130.80
1230,SAGARDEEP,SAGARDEEP ALLOYS LIMITED ,1040501400.00
1231,BALPHARMA,BAL PHARMA LTD.          ,1035291774.60
1232,TPLPLASTEH,TPL PLASTECH LIMITED     ,1012088925.00
1233,KAMATHOTEL,KAMAT HOTELS (I) LTD     ,1003501667.90
1234,MURUDCERA,MURUDESHWAR CERAMICS LTD ,1001431058.10
1235,UVSL,UTTAM VALUE STEELS LTD   ,990798031.50
1236,SIL,STANDARD INDUSTRIES LTD. ,981016350.25
1237,DAMODARIND,DAMODAR INDUSTRIES LTD   ,966833062.80
1238,JMA,JULLUNDUR MOT AGENCY LTD ,949704892.50
1239,MOTOGENFIN,MOTOR & GENERAL FINANCE L,943007076.50
1240,MINDTECK,MINDTECK (INDIA) LIMITED ,932852363.50
1241,ARCHIES,ARCHIES LTD              ,928950000.00
1242,BHAGYAPROP,BHAGYANAGAR PRO LTD      ,927855000.00
1243,VIDEOIND,VIDEOCON INDUSTRIES LIMIT,919761906.25
1244,INTENTECH,INTENSE TECHNOLOGIES LTD ,913670785.10
1245,ONWARDTEC,ONWARD TECHNOLOGIES LTD  ,913596860.00
1246,PUNJLLOYD,PUNJ LLOYD LIMITED       ,906108511.50
1247,NAHARPOLY,NAHAR POLY FILMS LIMITED ,904838068.80
1248,LSIL,LLOYDS STEELS IND. LTD.  ,898323577.00
1249,GTL,GTL LTD                  ,896591651.70
1250,WIPL,THE WESTERN INDIA PLY LTD,891170700.00
1251,SICAGEN,SICAGEN INDIA LIMITED    ,890362890.00
1252,ASAL,AUTOMOTIVE STAMPINGS & AS,889199451.85
1253,MAGADSUGAR,MAGADH SUGAR & ENERGY LTD,888275962.50
1254,CTE,CAMBRIDGE TECH ENTER LTD ,883395675.00
1255,CIMMCO,CIMMCO LIMITED           ,883357389.80
1256,MANUGRAPH,MANUGRAPH INDIA LIMITED  ,874433003.75
1257,GARDENSILK,GARDEN SILK MILLS LTD    ,873212393.75
1258,ROLTA,ROLTA INDIA LTD          ,870929613.75
1259,VISASTEEL,VISA STEEL LIMITED       ,858000000.00
1260,PVP,PVP VENTURES LIMITED     ,857684453.50
1261,TIPSINDLTD,TIPS INDUSTRIES LIMITED  ,850528344.60
1262,ARCHIDPLY,ARCHIDPLY IND. LTD       ,849502500.00
1263,HIGHGROUND,HIGH GROUND ENTP LTD     ,846102225.15
1264,NITESHEST,NITESH ESTATES LTD       ,838534575.00
1265,MUKTAARTS,MUKTA ARTS LIMITED       ,836781660.00
1266,BAGFILMS,B.A.G FILMS AND MEDIA LTD,836367483.05
1267,MORARJEE,MORARJEE TEXTILES LIMITED,835644027.00
1268,BROOKS,BROOKS LAB LIMITED       ,833600733.00
1269,JAGSNPHARM,JAGSONPAL PHARMACEUTICALS,825237000.00
1270,NDGL,NAGA DHUNSERI GROUP LTD  ,824000000.00
1271,AMJLAND,AMJ LAND HOLDINGS LIMITED,822050000.00
1272,GAL,GYSCOAL ALLOYS LTD       ,815119134.00
1273,MBECL,MCNALLY BH. ENG. CO.LTD  ,813103934.70
1274,GLOBALVECT,GLOBAL VEC HELICORP LTD  ,811300000.00
1275,ADLABS,ADLABS ENTERTAINMENT LTD.,810171531.60
1276,STEELXIND,STEEL EXCHANGE INDIA LTD ,805439007.20
1277,CCCL,CONS. CONST. CONSORT LTD ,797022376.00
1278,COMPUSOFT,COMPUCOM SOFTWARE LTD    ,791251880.00
1279,RSSOFTWARE,R. S. SOFTWARE (INDIA) LI,784103699.00
1280,INDOSOLAR,INDOSOLAR LIMITED        ,781340943.60
1281,MRO-TEK,MRO-TEK REALTY LIMITED   ,775410983.00
1282,SAMBHAAV,SAMBHAAV MEDIA LTD       ,773998902.00
1283,CORDSCABLE,CORDS CABLE INDUS LTD.   ,770495688.00
1284,JVLAGRO,JVL AGRO INDUSTRIES LTD  ,764127000.00
1285,IZMO,IZMO LIMITED             ,762897357.95
1286,DOLPHINOFF,DOLPHIN OFF. ENT IND LTD.,759795065.40
1287,AROGRANITE,ARO GRANITE IND. LTD.    ,757350000.00
1288,BANG,BANG OVERSEAS LTD.       ,755970000.00
1289,CORALFINAC,CORAL INDIA FIN & HOUS LT,753172900.00
1290,KOTARISUG,KOTHARI SUG & CHEM LTD.  ,750141649.00
1291,WEIZMANIND,WEIZMANN LTD             ,749584662.40
1292,LOKESHMACH,LOKESH MACHINES LTD      ,745400470.50
1293,ANSALHSG,ANSAL HOUSING LIMITED    ,730445684.40
1294,PRECOT,PRECOT MERIDIAN LIMITED  ,722400000.00
1295,KMSUGAR,K M SUGAR MILLS LTD      ,717601326.00
1296,EON,EON ELECTRIC LIMITED     ,716664558.40
1297,PIRPHYTO,PIRAMAL PHYTOCARE LIMITED,715207367.00
1298,IVRCLINFRA,IVRCL LIMITED            ,704607922.80
1299,REMSONSIND,REMSONS INDUSTRIES LTD   ,701028903.90
1300,ARSSINFRA,ARSS INFRA PROJ. LTD     ,691234166.40
1301,LYKALABS,LYKA LABS LTD            ,685209000.00
1302,GOLDENTOBC,GOLDEN TOBACCO LIMITED   ,678819317.10
1303,PATINTLOG,PATEL INT. LOG. LTD      ,678799639.15
1304,TMRVL,THE MANDHANA RET VENT LTD,675727835.40
1305,PRESSMN,PRESSMAN ADVERTISING LTD ,671609309.80
1306,WEBELSOLAR,WEBSOL ENERGY SYSTEM LTD ,670525247.70
1307,KTIL,KESAR TER & INFRA LTD    ,666514975.00
1308,GAMMNINFRA,GAMMON INFRA PROJ LTD.   ,659281506.80
1309,MOHOTAIND,MOHOTA INDUSTRIES LIMITED,654465594.00
1310,ROLLT,ROLLATAINERS LIMITED     ,650338000.00
1311,SURANAT&P,SURANA TELECOM AND POW LT,638682497.20
1312,BLUECOAST,BLUE COAST HOTELS LIMITED,637422850.00
1313,TAINWALCHM,TAINWALA CHEMICAL AND PLA,631124366.20
1314,SURYALAXMI,SURYALAKSHMI COT MIL LTD ,630212562.00
1315,CANDC,C&C CONST. LTD.          ,625953519.00
1316,ADSL,ALLIED DIGITAL SERV. LTD ,619179443.20
1317,RUCHINFRA,RUCHI INFRASTRUCTURE LTD ,615719826.00
1318,OILCOUNTUB,OIL COUNTRY TUBULAR LTD  ,615624467.00
1319,MAANALU,MAAN ALUMINIUM LIMITED   ,614877297.60
1320,TERASOFT,TERA SOFTWARE LIMITED    ,614333062.50
1321,PIONEEREMB,PIONEER EMBROIDERIES LTD ,611164037.25
1322,ARCOTECH,ARCOTECH LIMITED         ,598500000.00
1323,PRAENG,PRAJAY ENG. SYN. LTD.    ,590957433.95
1324,DNAMEDIA,DILIGENT MEDIA CORP LTD. ,588540090.00
1325,LPDC,LANDMARK PR.DEV.CO.LTD   ,583522746.00
1326,RAJSREESUG,RAJSHREE SUGAR & CHEMICAL,581662592.00
1327,ALMONDZ,ALMONDZ GLOBAL SEC LTD   ,581117509.15
1328,WILLAMAGOR,WILLIAMSON MAGOR         ,568087266.00
1329,ASSAMCO,ASSAM COMPANY INDIA LTD  ,557569733.40
1330,AARVEEDEN,AARVEE DEN. & EXP. LTD   ,551305300.00
1331,DQE,DQ ENTERTAINMENT INT LTD ,543088550.00
1332,CENTEXT,CENTURY EXTRUSIONS LTD   ,536000000.00
1333,TEXMOPIPES,TEXMO PIPE & PRODUCTS LTD,530424000.00
1334,LOTUSEYE,LOTUS EYE HOSP & INST L  ,530306415.00
1335,NIBL,NRB INDUS. BEARINGS LTD. ,527016637.50
1336,BEDMUTHA,BEDMUTHA INDUST LTD      ,520070153.20
1337,ALPA,ALPA LABORATORIES LTD    ,518650790.00
1338,GROBTEA,THE GROB TEA COMPANY LTD ,516830034.50
1339,SUNDARAM,SUNDARAM MULTI PAP LTD   ,516050968.70
1340,LASA,LASA SUPERGENERICS LTD   ,515593324.95
1341,AUSOMENT,AUSOM ENTERPRISE LIMITED ,514289088.00
1342,PREMIERPOL,PREMIER POLYFILM LTD     ,513238127.50
1343,SUNILHITEC,SUNIL HITECH ENGR. LTD   ,511863840.00
1344,WELINV,WELSPUN INV & COMM LTD   ,511626640.00
1345,KSK,KSK ENERGY VENTURES LTD  ,508782928.80
1346,MALUPAPER,MALU PAPER MILLS LIMITED ,504100837.50
1347,ALKALI,ALKALI METALS LTD        ,501488420.50
1348,CNOVAPETRO,CIL NOVA PETROCHEM LTD   ,494575000.00
1349,ESSDEE,ESS DEE ALUM LTD         ,493536289.40
1350,SALSTEEL,S.A.L. STEEL LTD.        ,488558525.00
1351,ATLASCYCLE,ATLAS CYCLE (HARYANA) LTD,484535931.00
1352,ENERGYDEV,ENERGY DEVE. CO.LTD      ,484500000.00
1353,PRAKASHCON,PRAKASH CONSTROWELL LTD  ,483861301.00
1354,BSL,BSL LTD                  ,483217287.60
1355,PKTEA,THE P K TEA PROD CO LTD  ,480170832.90
1356,VENUSREM,VENUS REMEDIES LIMITED   ,478252035.00
1357,SUPREMEINF,SUPREME INFRA. LTD.      ,477989719.20
1358,TOKYOPLAST,TOKYO PLAST INTL LTD     ,477920420.00
1359,BEARDSELL,BEARDSELL LIMITED        ,473468284.80
1360,SATHAISPAT,SATHAVAHANA ISPAT LTD    ,473370000.00
1361,ANIKINDS,ANIK INDUSTRIES LTD      ,470421587.70
1362,DELTAMAGNT,DELTA MAGNETS LIMITED    ,466236558.70
1363,SHIVAMILLS,SHIVA MILLS LIMITED      ,460608366.40
1364,TGBHOTELS,TGB BANQUETS&HOTELS LTD  ,453939200.00
1365,RANASUG,RANA SUGARS LTD.         ,453025069.00
1366,KANANIIND,KANANI INDUSTRIES LTD    ,450149700.00
1367,INDIANCARD,INDIAN CARD CLOTHING CO. ,448967988.00
1368,GANGESSECU,GANGES SECURITIES LIMITED,441662781.05
1369,INDOWIND,INDOWIND ENERGY LTD      ,439733281.40
1370,MADHUCON,MADHUCON PROJECTS LTD.   ,439079893.00
1371,XPROINDIA,XPRO INDIA LIMITED       ,438871042.05
1372,TIJARIA,TIJARIA POLYPIPES LTD    ,438242095.60
1373,AIFL,ASHAPURA INTI FASHION LTD,437417894.10
1374,SELMCL,SEL MANU. CO. LTD.       ,430751100.00
1375,MANAKALUCO,MANAK ALUMINIUM CO. LTD. ,429248027.50
1376,MANAKCOAT,MAN COAT METAL & IND LTD ,429248027.50
1377,BALKRISHNA,BALKRISHNA PAPER MILLS L ,427445791.20
1378,JITFINFRA,JITF INFRALOGISTICS LTD  ,426681519.60
1379,NECCLTD,NORTH EAST CARRY CORP LTD,426677356.00
1380,BKMINDST,BKM INDUSTRIES LIMITED   ,422694622.50
1381,AMDIND,AMD INDUSTRIES LIMITED   ,421668478.00
1382,TARMAT,TARMAT LIMITED           ,420891148.80
1383,OMKARCHEM,OMKAR SPL CHEM LTD       ,419791281.60
1384,CELEBRITY,CELEBRITY FASHIONS LTD   ,419307894.00
1385,AUTOLITIND,AUTOLITE (INDIA) LIMITED ,418178413.40
1386,INDBANK,INDBANK MERCH BANK       ,417155080.00
1387,PALASHSECU,PALASH SECURITIES LTD    ,410127182.00
1388,BIGBLOC,BIGBLOC CONSTRUCTION LTD ,409861796.25
1389,NITINFIRE,NITIN FIRE PROT IND. LTD.,409184741.00
1390,PROVOGE,PROVOGUE (INDIA) LIMITED ,408418197.25
1391,SURANASOL,SURANA SOLAR LIMITED     ,405954450.00
1392,WANBURY,WANBURY LIMITED          ,405614000.70
1393,SIMBHALS,SIMBHAOLI SUGARS LTD.    ,400646004.00
1394,SHARONBIO,SHARON BIO-MEDI LTD      ,395883750.00
1395,LAMBODHARA,LAMBODHARA TEXTILES LTD. ,393639360.00
1396,SUPERSPIN,SUPER SPINNING MILLS LTD ,390500000.00
1397,MADHAV,MADHAV MARBLE & GRANITE  ,390089200.00
1398,SUMEETINDS,SUMEET IND LIMITED       ,388658958.75
1399,SANGHVIFOR,SANGHVI FOR & ENG LTD    ,385709715.30
1400,BVCL,BARAK VALLEY CEM. LTD.   ,377828000.00
1401,VISESHINFO,VISESH INFOTECNICS LTD   ,377443665.50
1402,SHAHALLOYS,SHAH ALLOYS LIMITED      ,376153260.00
1403,JPOLYINVST,JIND POL INV & FIN CO LTD,374750268.85
1404,ORCHIDPHAR,ORCHID PHARMA LIMITED    ,373650173.40
1405,SALONA,SALONA COTSPIN LTD.      ,373630400.00
1406,PALREDTEC,PALRED TECHNOLOGIES LTD  ,371297392.90
1407,KEYCORPSER,KEYNOTE CORP. SERV. LTD  ,369164631.40
1408,METALFORGE,METALYST FORGINGS LIMITED,365820000.00
1409,DIAPOWER,DIAMOND POWER INFRA LTD  ,364109416.65
1410,TREJHARA,TREJHARA SOLUTIONS LTD   ,363351163.50
1411,DHARSUGAR,DHARANI SUGARS & CHEMICAL,360220000.00
1412,CASTEXTECH,CASTEX TECHNOLOGIES LTD. ,359216696.10
1413,SOMICONVEY,SOMI CONVEYOR BELT. LTD. ,352211714.40
1414,DIGJAMLTD,DIGJAM LIMITED           ,350566484.00
1415,INDLMETER,IMP POWERS LTD           ,347621660.75
1416,FCSSOFT,FCS SOFTWARE SOLN. LTD.  ,341910620.00
1417,MANGTIMBER,MANGALAM TIMBER PRODUCTS ,341806010.00
1418,MCDHOLDING,MCDOWELL HOLDINGS LTD.   ,340011869.40
1419,PDPL,PARENTERAL DRUGS LTD     ,339905820.00
1420,PATSPINLTD,PATSPIN INDIA LTD        ,338574000.00
1421,SHREERAMA,SHREE RAMA MULTI TECH LTD,335800965.00
1422,AGRITECH,AGRI-TECH (INDIA) LIMITED,335313000.00
1423,ORIENTALTL,ORIENTAL TRIMEX LTD      ,332202173.20
1424,GLOBOFFS,GLOBAL OFFSHORE SERV LTD ,328892946.90
1425,MEGASOFT,MEGASOFT LTD             ,325364603.55
1426,INDSWFTLTD,IND-SWIFT LIMITED        ,324987918.00
1427,STINDIA,STI INDIA LTD            ,317550000.00
1428,ARROWTEX,ARROW TEXTILES LIMITED   ,317081584.35
1429,ADROITINFO,ADROIT INFOTECH LIMITED  ,312372061.20
1430,REFEX,REFEX INDUSTRIES LIMITED ,311824796.40
1431,EMCO,EMCO LIMITED             ,308986928.25
1432,KERNEX,KERNEX MICROSYS(I) LTD   ,305616564.75
1433,CINEVISTA,CINEVISTA LIMITED        ,304413317.50
1434,OISL,OCL IRON AND STEEL LTD   ,301822110.00
1435,BANARBEADS,BANARAS BEADS LTD        ,301616289.90
1436,VASWANI,VASWANI IND LTD          ,301500000.00
1437,ARIHANT,ARIHANT FOUN & HOU LTD   ,293690000.00
1438,DBSTOCKBRO,DB (INT) STOCK BROKERS   ,292250000.00
1439,KESARENT,KESAR ENTERPRISES LTD.   ,284247032.40
1440,INDOTHAI,INDO THAI SEC LTD        ,282500000.00
1441,NATNLSTEEL,NATIONAL STEEL & AGRO IND,280350000.00
1442,NAGREEKEXP,NAGREEKA EXPORTS LTD.    ,279368295.00
1443,BHANDARI,BHANDARI HOSIERY EXP LTD ,278401205.00
1444,TIMESGTY,TIMES GUARANTY LIMITED   ,277888304.10
1445,BLBLIMITED,BLB LIMITED              ,277542604.50
1446,JINDALPHOT,JINDAL PHOTO LIMITED     ,277487718.30
1447,PNC,PRITISH NANDY COMMUNICATI,271979600.00
1448,LFIC,LAKSHMI FIN IND CORP LTD ,270000000.00
1449,EDUCOMP,EDUCOMP SOLUTIONS LTD    ,269427769.60
1450,ELAND,E-LAND APPAREL LIMITED   ,268746626.40
1451,BURNPUR,BURNPUR CEMENT LTD.      ,266985525.30
1452,NKIND,NK INDUSTRIES LTD        ,253617780.00
1453,GOLDTECH,GOLDSTONE TECHNOLOGIES LT,247923271.20
1454,PETRONENGG,PETRON ENGG CONSTRUCT LTD,246882600.00
1455,ORTINLABSS,ORTIN LABORATORIES LTD   ,243094740.00
1456,CALSOFT,CALIFORNIA SOFTWARE CO LT,241117617.00
1457,MUKANDENGG,MUKAND ENGINEERS LIMITED ,240132840.00
1458,THIRUSUGAR,THIRU AROORAN SUGARS LTD.,239348712.60
1459,LYPSAGEMS,LYPSA GEMS & JEWEL LTD   ,237346200.00
1460,NAGAROIL,NAGARJUNA OIL REFINERY   ,235500001.55
1461,ADHUNIK,ADHUNIK METALIKS LTD.    ,234649118.40
1462,VARDMNPOLY,VARDHMAN POLYTEX LTD.    ,234055048.50
1463,EASUNREYRL,EASUN REYROLLE LTD       ,232495764.55
1464,ZENITHEXPO,ZENITH EXPORTS LTD       ,230959500.00
1465,HILTON,HILTON METAL FORGING LTD ,228329343.60
1466,21STCENMGM,21ST CENTURY MGMT SERVICE,226275000.00
1467,JINDCOT,JINDAL COTEX LTD         ,222765543.00
1468,ZICOM,ZICOM ELECT SEC SYS LTD  ,220549154.35
1469,PREMIER,PREMIER LIMITED          ,220201132.50
1470,MAGNUM,MAGNUM VENTURES LTD.     ,216210833.00
1471,BARTRONICS,BARTRONICS INDIA LIMITED ,216210267.35
1472,GAYAHWS,GAYATRI HIGHWAYS LIMITED ,215686710.00
1473,DSSL,DYNACONS SYS & SOLN LTD  ,213459672.00
1474,EXCEL,EXCEL REALTY N INFRA LTD ,211604258.25
1475,KARMAENG,KARMA ENERGY LIMITED     ,211151003.50
1476,KSERASERA,KSS LIMITED              ,207938634.00
1477,STAMPEDE,STAMPEDE CAPITAL LTD     ,206110080.00
1478,PEARLPOLY,PEARL POLYMERS LTD       ,202860930.60
1479,SGL,STL GLOBAL LIMITED       ,202431855.00
1480,RKDL,RAVI KUMAR DIST. LTD.    ,201600000.00
1481,HISARMETAL,HISAR METAL IND. LIMITED ,201150000.00
1482,ZODJRDMKJ,ZODIAC JRD-MKJ LTD       ,200098084.30
1483,CUBEXTUB,CUBEX TUBINGS LTD        ,199749701.25
1484,MIC,MIC ELECTRONICS LIMITED  ,198228887.10
1485,BAFNAPHARM,BAFNA PHARMACEUTICALS L  ,195891517.50
1486,SHILPI,SHILPI CABLE TECH LTD    ,193606476.00
1487,BILENERGY,BIL ENERGY SYSTEMS LTD   ,190274400.00
1488,3PLAND,3P LAND HOLDINGS LIMITED ,189000000.00
1489,TCIFINANCE,TCI FINANCE LTD          ,184076649.90
1490,SALORAINTL,SALORA INTERNATIONAL LTD ,184072570.00
1491,ABMINTLTD,ABM INTERNATIONAL LTD    ,184044000.00
1492,USHERAGRO,USHER AGRO LTD           ,182528050.85
1493,SEPOWER,S.E. POWER LIMITED       ,180714500.00
1494,ONELIFECAP,ONELIFE CAP ADVISORS LTD ,180360000.00
1495,MASKINVEST,MASK INVESTMENTS LIMITED ,173020050.00
1496,VIVIDHA,VISAGAR POLYTEX LTD      ,172340373.10
1497,TREEHOUSE,TREE HOUSE EDU LTD       ,171358432.20
1498,ROHITFERRO,ROHIT FERRO-TECH LIMITED ,170664184.50
1499,VIJSHAN,VIJAY SHANTHI BUILD LTD  ,168916921.50
1500,NAGREEKCAP,NAGREEKA CAP & INFR.LTD  ,167152725.00
1501,COUNCODOS,COUNTRY CONDO'S LIMITED  ,166834195.00
1502,EUROTEXIND,EUROTEX INDUSTRIES LTD   ,166684928.25
1503,EDL,EMPEE DISTI. LTD.        ,162414811.65
1504,GTNIND,GTN INDUSTRIES LIMITED   ,159617439.80
1505,KHANDSE,KHANDWALA SECURITIES LTD ,158788700.00
1506,BSELINFRA,BSEL INFRASTRUCTURE REALT,152841154.00
1507,SANCO,SANCO INDUSTRIES LIMITED ,152717400.00
1508,CELESTIAL,CELESTIAL BIOLABS LTD    ,150199227.50
1509,EASTSILK,EASTERN SILK INDUSTRIES L,150009978.00
1510,SABTN,SRI ADHIKARI BROS.       ,148514125.00
1511,JYOTISTRUC,JYOTI STRUCTURES LTD     ,147862408.50
1512,KHAITANLTD,KHAITAN (INDIA)LTD.      ,147725000.00
1513,UNITY,UNITY INFRAPROJECTS LTD  ,145052162.40
1514,MOHITIND,MOHIT INDUSTRIES LTD     ,142283628.75
1515,VIMALOIL,VIMAL O & F LTD          ,136682000.00
1516,RADAAN,RADAAN MEDIAWORKS (I) LTD,134221032.00
1517,VICEROY,VICEROY HOTELS LIMITED   ,133576455.60
1518,SOMATEX,SOMA TEXTILES & INDUST LT,132132000.00
1519,SPENTEX,SPENTEX IND. LTD         ,130169450.75
1520,KAVVERITEL,KAVVERI TEL. LTD.        ,128795264.00
1521,PSL,PSL LIMITED              ,124934484.00
1522,ORTEL,ORTEL COMMUNICATIONS LTD ,123663375.00
1523,MVL,MVL LIMITED              ,120248640.00
1524,PARABDRUGS,PARABOLIC DRUGS LTD      ,117594826.60
1525,LAKPRE,LAKSHMI PRE SCRE LTD     ,114340420.15
1526,GTNTEX,GTN TEXTILES LIMITED     ,112330612.70
1527,TVVISION,TV VISION LIMITED        ,111822400.00
1528,GOENKA,GOENKA DIAMOND&JEWELS LTD,110950000.00
1529,MANDHANA,MANDHANA INDUS. LTD      ,109308912.90
1530,SMPL,SPLENDID METAL PRODUCTS L,105353808.35
1531,KHAITANELE,KHAITAN ELECTRICALS LTD  ,105060000.00
1532,REGENCERAM,REGENCYCERAMICS-LTD      ,100478026.80
1533,TFL,TRANSWARRANTY FIN. LTD.  ,99065300.40
1534,TECHIN,TECHINDIA NIRMAN LIMITED ,98849400.00
1535,BHARATIDIL,BHARATI DEF & INFRA LTD  ,98082936.90
1536,ABGSHIP,ABG SHIPYARD LTD         ,97255526.40
1537,HAVISHA,SRI HAVISHA HOSP & INFR L,92121480.00
1538,ZENITHBIR,ZENITH BIRLA (INDIA) LTD ,91896313.60
1539,VIJIFIN,VIJI FINANCE LIMITED     ,90750000.00
1540,RAINBOWPAP,RAINBOW PAPERS LTD       ,90284705.00
1541,SPYL,SHEKHAWATI POLY-YARN LTD.,86175000.00
1542,RAJVIR,RAJVIR INDUSTRIES LIMITED,85689747.00
1543,PBAINFRA,PBA INFRASTRUCTURE LTD.  ,83703484.40
1544,METKORE,METKORE ALLOYS & IND LTD ,80990446.25
1545,WSI,W.S.INDUSTRIES (I) LTD.  ,78781821.00
1546,CYBERMEDIA,CYBER MEDIA (INDIA) LTD. ,78490176.20
1547,BLUEBLENDS,BLUE BLENDS (I) LTD      ,76861806.15
1548,NTL,NEUEON TOWERS LIMITED    ,76335145.20
1549,SYNCOM,SYNCOM HEALTHCARE LTD    ,76000000.00
1550,PRADIP,PRADIP OVERSEAS LTD      ,75082283.65
1551,GUJRAFFIA,GUJARAT RAFFIA INDUST LTD,74921625.00
1552,BIOFILCHEM,BIOFIL CHEM & PHARMA LTD.,73401035.00
1553,CHROMATIC,CHROMATIC INDIA LTD      ,71046100.00
1554,SRSLTD,SRS LIMITED              ,69645506.50
1555,SHYAMTEL,SHYAM TELECOM LIMITED    ,68183500.00
1556,NIRAJISPAT,NIRAJ ISPAT IND LTD      ,67200000.00
1557,HINDSYNTEX,HIND SYNTEX LTD          ,66772650.00
1558,INTEGRA,INTEGRA GARMENT & TEX LTD,65398228.20
1559,TARAPUR,TARAPUR TRANSFORMERS LTD ,62400035.20
1560,NORBTEAEXP,NORBEN TEA & EXPORTS LTD ,62275000.00
1561,TANTIACONS,TANTIA CONST LTD         ,61174964.50
1562,ANTGRAPHIC,ANTARCTICA LTD           ,60154800.00
1563,WINSOME,WINSOME YARNS LIMITED    ,60101144.65
1564,KALYANI,KALYANI COMMERCIALS LTD  ,59650000.00
1565,SUBCAPCITY,INTERNATIONAL CONST LTD  ,57598266.00
1566,ANKITMETAL,ANKIT MET & POW LTD      ,56444200.00
1567,NUTEK,NU TEK INDIA LTD         ,54081510.00
1568,HBSL,HB STOCKHOLDINGS LIMITED ,53889370.75
1569,CREATIVEYE,CREATIVE EYE LIMITED     ,53154362.50
1570,PROSEED,PROSEED INDIA LIMITED    ,52859639.80
1571,PRAKASHSTL,PRAKASH STEELAGE LTD     ,52500117.00
1572,SUJANAUNI,SUJANA UNI. INDS. LTD.   ,50652321.60
1573,EUROCERA,EURO CERAMICS LTD        ,50606575.50
1574,GANGOTRI,GANGOTRI TEXTILES LTD.   ,50552682.70
1575,RAMGOPOLY,RAMGOPAL POLYTEX LIMITED ,47125000.00
1576,SPCENET,SPACENET ENTERS IND LTD  ,46567660.50
1577,UMESLTD,USHA MARTIN EDU & SOL LTD,43586088.15
1578,BGLOBAL,BHARATIYA GLOBAL INFO LTD,41984241.50
1579,ARENTERP,RAJDARSHAN INDUSTRIES LTD,41340390.00
1580,JAINSTUDIO,JAIN STUDIOS LIMITED     ,40886919.00
1581,GISOLUTION,GI ENGINEERING SOLNS LTD ,36169887.60
1582,RAJRAYON,RAJ RAYON INDUSTRIES LTD ,34645400.00
1583,TNTELE,TAMILNADU TELECOMMUNICATI,33982950.00
1584,SABEVENTS,SAB EVENTS & GOVERNANCE  ,33547875.20
1585,ALCHEM,ALCHEMIST LTD            ,33221510.00
1586,KAUSHALYA,KAUSHALYA INFRA DEV LTD. ,31167567.00
1587,IMPEXFERRO,IMPEX FERRO TECH LIMITED ,30776061.40
1588,HOTELRUGBY,HOTEL RUGBY LTD          ,27213320.00
1589,THOMASCOTT,THOMAS SCOTT (INDIA) LTD ,25764000.00
1590,DCMFINSERV,DCM FINANCIAL SERVICES LT,23477483.75
1591,PAEL,PAE LIMITED              ,23444100.00
1592,JAIHINDPRO,JAIHIND PROJECTS LTD     ,22442118.90
1593,GEMINI,GEMINI COMM. LTD         ,20829563.60
1594,EUROMULTI,EURO MULTIVISION LTD     ,20230041.65
1595,TARAJEWELS,TARA JEWELS LIMITED      ,19698280.00
1596,JIKIND,JIK INDUSTRIES LTD       ,19581494.10
1597,XLENERGY,XL ENERGY LIMITED        ,19358237.45
1598,MELSTAR,MELSTAR INFORMATION TECH ,18568080.70
1599,QUINTEGRA,QUINTEGRA SOLUTIONS LTD. ,17428989.50
1600,SITASHREE,SITA SHREE FOOD PROD LTD ,16700504.40
1601,ANGIND,ANG INDUSTRIES LIMITED   ,14481000.00
1602,SGFL,SHREE GANESH FORG. LTD   ,12500474.00
1603,CURATECH,CURA TECHNOLOGIES LTD    ,9555000.00
1604,RAMSARUP,RAMSARUP INDUSTRIES LTD  ,8769620.00
1605,TODAYS,TODAYS WRITING INSTRUMENT,3843990.00
